2026-09-08 17:37:53.869 +03:00 [INF] User profile is available. Using '/Users/terminal/.aspnet/DataProtection-Keys' as key repository; keys will not be encrypted at rest.
2026-09-08 17:37:54.210 +03:00 [WRN] No store type was specified for the decimal property 'Amount' on entity type 'Payment'. This will cause values to be silently truncated if they do not fit in the default precision and scale. Explicitly specify the SQL server column type that can accommodate all the values in 'OnModelCreating' using 'HasColumnType', specify precision and scale using 'HasPrecision', or configure a value converter using 'HasConversion'.
2026-09-08 17:37:54.283 +03:00 [INF] Entity Framework Core 6.0.0 initialized 'ApplicationDbContext' using provider 'Microsoft.EntityFrameworkCore.SqlServer:6.0.0' with options: None
2026-09-08 17:37:54.627 +03:00 [INF] Executed DbCommand (28ms) [Parameters=[@__normalizedName_0='?' (Size = 256)], CommandType='"Text"', CommandTimeout='30']
SELECT TOP(1) [a].[Id], [a].[ConcurrencyStamp], [a].[Name], [a].[NormalizedName]
FROM [AspNetRoles] AS [a]
WHERE [a].[NormalizedName] = @__normalizedName_0
2026-09-08 17:37:54.717 +03:00 [INF] Executed DbCommand (52ms) [Parameters=[@__normalizedName_0='?' (Size = 256)], CommandType='"Text"', CommandTimeout='30']
SELECT TOP(1) [a].[Id], [a].[ConcurrencyStamp], [a].[Name], [a].[NormalizedName]
FROM [AspNetRoles] AS [a]
WHERE [a].[NormalizedName] = @__normalizedName_0
2026-09-08 17:37:54.765 +03:00 [INF] Executed DbCommand (21ms) [Parameters=[@__normalizedName_0='?' (Size = 256)], CommandType='"Text"', CommandTimeout='30']
SELECT TOP(1) [a].[Id], [a].[ConcurrencyStamp], [a].[Name], [a].[NormalizedName]
FROM [AspNetRoles] AS [a]
WHERE [a].[NormalizedName] = @__normalizedName_0
2026-09-08 17:37:54.837 +03:00 [INF] Executed DbCommand (26ms) [Parameters=[@__role_Id_0='?' (Size = 450)], CommandType='"Text"', CommandTimeout='30']
SELECT [a].[ClaimType], [a].[ClaimValue]
FROM [AspNetRoleClaims] AS [a]
WHERE [a].[RoleId] = @__role_Id_0
2026-09-08 17:37:54.865 +03:00 [INF] Executed DbCommand (25ms) [Parameters=[@__normalizedName_0='?' (Size = 256)], CommandType='"Text"', CommandTimeout='30']
SELECT TOP(1) [a].[Id], [a].[ConcurrencyStamp], [a].[Name], [a].[NormalizedName]
FROM [AspNetRoles] AS [a]
WHERE [a].[NormalizedName] = @__normalizedName_0
2026-09-08 17:37:54.869 +03:00 [INF] Executed DbCommand (3ms) [Parameters=[@__role_Id_0='?' (Size = 450)], CommandType='"Text"', CommandTimeout='30']
SELECT [a].[ClaimType], [a].[ClaimValue]
FROM [AspNetRoleClaims] AS [a]
WHERE [a].[RoleId] = @__role_Id_0
2026-09-08 17:37:54.878 +03:00 [INF] Executed DbCommand (3ms) [Parameters=[@__normalizedEmail_0='?' (Size = 256)], CommandType='"Text"', CommandTimeout='30']
SELECT TOP(2) [a].[Id], [a].[AccessFailedCount], [a].[ConcurrencyStamp], [a].[Email], [a].[EmailConfirmed], [a].[FullName], [a].[LockoutEnabled], [a].[LockoutEnd], [a].[NormalizedEmail], [a].[NormalizedUserName], [a].[PasswordHash], [a].[PhoneNumber], [a].[PhoneNumberConfirmed], [a].[SecurityStamp], [a].[TwoFactorEnabled], [a].[UserName]
FROM [AspNetUsers] AS [a]
WHERE [a].[NormalizedEmail] = @__normalizedEmail_0
2026-09-08 17:37:55.207 +03:00 [INF] Now listening on: https://localhost:7143
2026-09-08 17:37:55.207 +03:00 [INF] Now listening on: http://localhost:5042
2026-09-08 17:37:55.209 +03:00 [INF] Application started. Press Ctrl+C to shut down.
2026-09-08 17:37:55.209 +03:00 [INF] Hosting environment: Development
2026-09-08 17:37:55.209 +03:00 [INF] Content root path: /Users/terminal/Projects/SoreApi-main/CoffeeStoreApi
2026-09-08 17:37:56.436 +03:00 [INF] Request starting HTTP/2 GET https://localhost:7143/swagger/index.html - null null
2026-09-08 17:37:56.505 +03:00 [INF] Request finished HTTP/2 GET https://localhost:7143/swagger/index.html - 200 null text/html;charset=utf-8 69.9221ms
2026-09-08 17:37:56.588 +03:00 [INF] Request starting HTTP/2 GET https://localhost:7143/swagger/v1/swagger.json - null null
2026-09-08 17:37:56.651 +03:00 [INF] Request finished HTTP/2 GET https://localhost:7143/swagger/v1/swagger.json - 200 null application/json;charset=utf-8 63.6827ms
2026-09-08 17:38:17.211 +03:00 [INF] Request starting HTTP/1.1 POST https://localhost:7143/api/Auth/login - multipart/form-data; boundary=--------------------------784837303712831556890326 302
2026-09-08 17:38:17.271 +03:00 [INF] Executing endpoint 'CoffeeStoreApi.Controllers.AuthController.Login (CoffeeStoreApi)'
2026-09-08 17:38:17.284 +03:00 [INF] Route matched with {action = "Login", controller = "Auth"}. Executing controller action with signature System.Threading.Tasks.Task`1[Microsoft.AspNetCore.Mvc.IActionResult] Login(CoffeeStoreApi.Dtos.LoginDto) on controller CoffeeStoreApi.Controllers.AuthController (CoffeeStoreApi).
2026-09-08 17:38:17.339 +03:00 [INF] Entity Framework Core 6.0.0 initialized 'ApplicationDbContext' using provider 'Microsoft.EntityFrameworkCore.SqlServer:6.0.0' with options: None
2026-09-08 17:38:17.426 +03:00 [INF] Executed DbCommand (52ms) [Parameters=[@__loginDto_Email_0='?' (Size = 256)], CommandType='"Text"', CommandTimeout='30']
SELECT [t].[Id], [t].[AccessFailedCount], [t].[ConcurrencyStamp], [t].[Email], [t].[EmailConfirmed], [t].[FullName], [t].[LockoutEnabled], [t].[LockoutEnd], [t].[NormalizedEmail], [t].[NormalizedUserName], [t].[PasswordHash], [t].[PhoneNumber], [t].[PhoneNumberConfirmed], [t].[SecurityStamp], [t].[TwoFactorEnabled], [t].[UserName], [r].[Id], [r].[CreatedOn], [r].[ExpiresOn], [r].[RevokedOn], [r].[Token], [r].[UserId]
FROM (
    SELECT TOP(1) [a].[Id], [a].[AccessFailedCount], [a].[ConcurrencyStamp], [a].[Email], [a].[EmailConfirmed], [a].[FullName], [a].[LockoutEnabled], [a].[LockoutEnd], [a].[NormalizedEmail], [a].[NormalizedUserName], [a].[PasswordHash], [a].[PhoneNumber], [a].[PhoneNumberConfirmed], [a].[SecurityStamp], [a].[TwoFactorEnabled], [a].[UserName]
    FROM [AspNetUsers] AS [a]
    WHERE [a].[Email] = @__loginDto_Email_0
) AS [t]
LEFT JOIN [refreshTokens] AS [r] ON [t].[Id] = [r].[UserId]
ORDER BY [t].[Id]
2026-09-08 17:38:17.519 +03:00 [INF] Executed DbCommand (26ms) [Parameters=[@__user_Id_0='?' (Size = 450)], CommandType='"Text"', CommandTimeout='30']
SELECT [a].[Id], [a].[ClaimType], [a].[ClaimValue], [a].[UserId]
FROM [AspNetUserClaims] AS [a]
WHERE [a].[UserId] = @__user_Id_0
2026-09-08 17:38:17.548 +03:00 [INF] Executed DbCommand (19ms) [Parameters=[@__userId_0='?' (Size = 450)], CommandType='"Text"', CommandTimeout='30']
SELECT [a0].[Name]
FROM [AspNetUserRoles] AS [a]
INNER JOIN [AspNetRoles] AS [a0] ON [a].[RoleId] = [a0].[Id]
WHERE [a].[UserId] = @__userId_0
2026-09-08 17:38:17.598 +03:00 [INF] Executed DbCommand (48ms) [Parameters=[@__normalizedName_0='?' (Size = 256)], CommandType='"Text"', CommandTimeout='30']
SELECT TOP(1) [a].[Id], [a].[ConcurrencyStamp], [a].[Name], [a].[NormalizedName]
FROM [AspNetRoles] AS [a]
WHERE [a].[NormalizedName] = @__normalizedName_0
2026-09-08 17:38:17.653 +03:00 [INF] Executed DbCommand (54ms) [Parameters=[@__role_Id_0='?' (Size = 450)], CommandType='"Text"', CommandTimeout='30']
SELECT [a].[ClaimType], [a].[ClaimValue]
FROM [AspNetRoleClaims] AS [a]
WHERE [a].[RoleId] = @__role_Id_0
2026-09-08 17:38:17.725 +03:00 [INF] Executed DbCommand (2ms) [Parameters=[@__normalizedUserName_0='?' (Size = 256)], CommandType='"Text"', CommandTimeout='30']
SELECT TOP(1) [a].[Id], [a].[AccessFailedCount], [a].[ConcurrencyStamp], [a].[Email], [a].[EmailConfirmed], [a].[FullName], [a].[LockoutEnabled], [a].[LockoutEnd], [a].[NormalizedEmail], [a].[NormalizedUserName], [a].[PasswordHash], [a].[PhoneNumber], [a].[PhoneNumberConfirmed], [a].[SecurityStamp], [a].[TwoFactorEnabled], [a].[UserName]
FROM [AspNetUsers] AS [a]
WHERE [a].[NormalizedUserName] = @__normalizedUserName_0
2026-09-08 17:38:17.831 +03:00 [INF] Executed DbCommand (23ms) [Parameters=[@p15='?' (Size = 450), @p0='?' (DbType = Int32), @p1='?' (Size = 4000), @p16='?' (Size = 4000), @p2='?' (Size = 256), @p3='?' (DbType = Boolean), @p4='?' (Size = 4000), @p5='?' (DbType = Boolean), @p6='?' (DbType = DateTimeOffset), @p7='?' (Size = 256), @p8='?' (Size = 256), @p9='?' (Size = 4000), @p10='?' (Size = 4000), @p11='?' (DbType = Boolean), @p12='?' (Size = 4000), @p13='?' (DbType = Boolean), @p14='?' (Size = 256)], CommandType='"Text"', CommandTimeout='30']
SET NOCOUNT ON;
UPDATE [AspNetUsers] SET [AccessFailedCount] = @p0, [ConcurrencyStamp] = @p1, [Email] = @p2, [EmailConfirmed] = @p3, [FullName] = @p4, [LockoutEnabled] = @p5, [LockoutEnd] = @p6, [NormalizedEmail] = @p7, [NormalizedUserName] = @p8, [PasswordHash] = @p9, [PhoneNumber] = @p10, [PhoneNumberConfirmed] = @p11, [SecurityStamp] = @p12, [TwoFactorEnabled] = @p13, [UserName] = @p14
WHERE [Id] = @p15 AND [ConcurrencyStamp] = @p16;
SELECT @@ROWCOUNT;
2026-09-08 17:38:17.848 +03:00 [INF] Executed DbCommand (9ms) [Parameters=[@p0='?' (DbType = DateTime2), @p1='?' (DbType = DateTime2), @p2='?' (DbType = DateTime2), @p3='?' (Size = 4000), @p4='?' (Size = 450)], CommandType='"Text"', CommandTimeout='30']
SET NOCOUNT ON;
INSERT INTO [refreshTokens] ([CreatedOn], [ExpiresOn], [RevokedOn], [Token], [UserId])
VALUES (@p0, @p1, @p2, @p3, @p4);
SELECT [Id]
FROM [refreshTokens]
WHERE @@ROWCOUNT = 1 AND [Id] = scope_identity();
2026-09-08 17:38:17.869 +03:00 [INF] Executing OkObjectResult, writing value of type 'CoffeeStoreApi.Common.Response`1[[CoffeeStoreApi.Dtos.LoginResponseDto, CoffeeStoreApi, Version=1.0.0.0, Culture=neutral, PublicKeyToken=null]]'.
2026-09-08 17:38:17.885 +03:00 [INF] Executed action CoffeeStoreApi.Controllers.AuthController.Login (CoffeeStoreApi) in 599.4978ms
2026-09-08 17:38:17.886 +03:00 [INF] Executed endpoint 'CoffeeStoreApi.Controllers.AuthController.Login (CoffeeStoreApi)'
2026-09-08 17:38:17.888 +03:00 [INF] Request finished HTTP/1.1 POST https://localhost:7143/api/Auth/login - 200 null application/json; charset=utf-8 676.8797ms
2026-09-08 17:39:27.563 +03:00 [INF] Request starting HTTP/1.1 POST https://localhost:7143/api/Auth/login - multipart/form-data; boundary=--------------------------092673158664406090826735 302
2026-09-08 17:39:27.568 +03:00 [INF] Executing endpoint 'CoffeeStoreApi.Controllers.AuthController.Login (CoffeeStoreApi)'
2026-09-08 17:39:27.569 +03:00 [INF] Route matched with {action = "Login", controller = "Auth"}. Executing controller action with signature System.Threading.Tasks.Task`1[Microsoft.AspNetCore.Mvc.IActionResult] Login(CoffeeStoreApi.Dtos.LoginDto) on controller CoffeeStoreApi.Controllers.AuthController (CoffeeStoreApi).
2026-09-08 17:39:27.594 +03:00 [INF] Entity Framework Core 6.0.0 initialized 'ApplicationDbContext' using provider 'Microsoft.EntityFrameworkCore.SqlServer:6.0.0' with options: None
2026-09-08 17:39:27.703 +03:00 [INF] Executed DbCommand (81ms) [Parameters=[@__loginDto_Email_0='?' (Size = 256)], CommandType='"Text"', CommandTimeout='30']
SELECT [t].[Id], [t].[AccessFailedCount], [t].[ConcurrencyStamp], [t].[Email], [t].[EmailConfirmed], [t].[FullName], [t].[LockoutEnabled], [t].[LockoutEnd], [t].[NormalizedEmail], [t].[NormalizedUserName], [t].[PasswordHash], [t].[PhoneNumber], [t].[PhoneNumberConfirmed], [t].[SecurityStamp], [t].[TwoFactorEnabled], [t].[UserName], [r].[Id], [r].[CreatedOn], [r].[ExpiresOn], [r].[RevokedOn], [r].[Token], [r].[UserId]
FROM (
    SELECT TOP(1) [a].[Id], [a].[AccessFailedCount], [a].[ConcurrencyStamp], [a].[Email], [a].[EmailConfirmed], [a].[FullName], [a].[LockoutEnabled], [a].[LockoutEnd], [a].[NormalizedEmail], [a].[NormalizedUserName], [a].[PasswordHash], [a].[PhoneNumber], [a].[PhoneNumberConfirmed], [a].[SecurityStamp], [a].[TwoFactorEnabled], [a].[UserName]
    FROM [AspNetUsers] AS [a]
    WHERE [a].[Email] = @__loginDto_Email_0
) AS [t]
LEFT JOIN [refreshTokens] AS [r] ON [t].[Id] = [r].[UserId]
ORDER BY [t].[Id]
2026-09-08 17:39:27.778 +03:00 [INF] Executed DbCommand (2ms) [Parameters=[@__user_Id_0='?' (Size = 450)], CommandType='"Text"', CommandTimeout='30']
SELECT [a].[Id], [a].[ClaimType], [a].[ClaimValue], [a].[UserId]
FROM [AspNetUserClaims] AS [a]
WHERE [a].[UserId] = @__user_Id_0
2026-09-08 17:39:27.782 +03:00 [INF] Executed DbCommand (3ms) [Parameters=[@__userId_0='?' (Size = 450)], CommandType='"Text"', CommandTimeout='30']
SELECT [a0].[Name]
FROM [AspNetUserRoles] AS [a]
INNER JOIN [AspNetRoles] AS [a0] ON [a].[RoleId] = [a0].[Id]
WHERE [a].[UserId] = @__userId_0
2026-09-08 17:39:27.785 +03:00 [INF] Executed DbCommand (2ms) [Parameters=[@__normalizedName_0='?' (Size = 256)], CommandType='"Text"', CommandTimeout='30']
SELECT TOP(1) [a].[Id], [a].[ConcurrencyStamp], [a].[Name], [a].[NormalizedName]
FROM [AspNetRoles] AS [a]
WHERE [a].[NormalizedName] = @__normalizedName_0
2026-09-08 17:39:27.787 +03:00 [INF] Executed DbCommand (2ms) [Parameters=[@__role_Id_0='?' (Size = 450)], CommandType='"Text"', CommandTimeout='30']
SELECT [a].[ClaimType], [a].[ClaimValue]
FROM [AspNetRoleClaims] AS [a]
WHERE [a].[RoleId] = @__role_Id_0
2026-09-08 17:39:27.889 +03:00 [INF] Executed DbCommand (101ms) [Parameters=[@__normalizedUserName_0='?' (Size = 256)], CommandType='"Text"', CommandTimeout='30']
SELECT TOP(1) [a].[Id], [a].[AccessFailedCount], [a].[ConcurrencyStamp], [a].[Email], [a].[EmailConfirmed], [a].[FullName], [a].[LockoutEnabled], [a].[LockoutEnd], [a].[NormalizedEmail], [a].[NormalizedUserName], [a].[PasswordHash], [a].[PhoneNumber], [a].[PhoneNumberConfirmed], [a].[SecurityStamp], [a].[TwoFactorEnabled], [a].[UserName]
FROM [AspNetUsers] AS [a]
WHERE [a].[NormalizedUserName] = @__normalizedUserName_0
2026-09-08 17:39:27.922 +03:00 [INF] Executed DbCommand (27ms) [Parameters=[@p15='?' (Size = 450), @p0='?' (DbType = Int32), @p1='?' (Size = 4000), @p16='?' (Size = 4000), @p2='?' (Size = 256), @p3='?' (DbType = Boolean), @p4='?' (Size = 4000), @p5='?' (DbType = Boolean), @p6='?' (DbType = DateTimeOffset), @p7='?' (Size = 256), @p8='?' (Size = 256), @p9='?' (Size = 4000), @p10='?' (Size = 4000), @p11='?' (DbType = Boolean), @p12='?' (Size = 4000), @p13='?' (DbType = Boolean), @p14='?' (Size = 256)], CommandType='"Text"', CommandTimeout='30']
SET NOCOUNT ON;
UPDATE [AspNetUsers] SET [AccessFailedCount] = @p0, [ConcurrencyStamp] = @p1, [Email] = @p2, [EmailConfirmed] = @p3, [FullName] = @p4, [LockoutEnabled] = @p5, [LockoutEnd] = @p6, [NormalizedEmail] = @p7, [NormalizedUserName] = @p8, [PasswordHash] = @p9, [PhoneNumber] = @p10, [PhoneNumberConfirmed] = @p11, [SecurityStamp] = @p12, [TwoFactorEnabled] = @p13, [UserName] = @p14
WHERE [Id] = @p15 AND [ConcurrencyStamp] = @p16;
SELECT @@ROWCOUNT;
2026-09-08 17:39:27.929 +03:00 [INF] Executed DbCommand (7ms) [Parameters=[@p1='?' (DbType = Int32), @p0='?' (DbType = DateTime2)], CommandType='"Text"', CommandTimeout='30']
SET NOCOUNT ON;
UPDATE [refreshTokens] SET [RevokedOn] = @p0
WHERE [Id] = @p1;
SELECT @@ROWCOUNT;
2026-09-08 17:39:27.956 +03:00 [INF] Executed DbCommand (25ms) [Parameters=[@p0='?' (DbType = DateTime2), @p1='?' (DbType = DateTime2), @p2='?' (DbType = DateTime2), @p3='?' (Size = 4000), @p4='?' (Size = 450)], CommandType='"Text"', CommandTimeout='30']
SET NOCOUNT ON;
INSERT INTO [refreshTokens] ([CreatedOn], [ExpiresOn], [RevokedOn], [Token], [UserId])
VALUES (@p0, @p1, @p2, @p3, @p4);
SELECT [Id]
FROM [refreshTokens]
WHERE @@ROWCOUNT = 1 AND [Id] = scope_identity();
2026-09-08 17:39:27.964 +03:00 [INF] Executing OkObjectResult, writing value of type 'CoffeeStoreApi.Common.Response`1[[CoffeeStoreApi.Dtos.LoginResponseDto, CoffeeStoreApi, Version=1.0.0.0, Culture=neutral, PublicKeyToken=null]]'.
2026-09-08 17:39:27.965 +03:00 [INF] Executed action CoffeeStoreApi.Controllers.AuthController.Login (CoffeeStoreApi) in 395.6597ms
2026-09-08 17:39:27.965 +03:00 [INF] Executed endpoint 'CoffeeStoreApi.Controllers.AuthController.Login (CoffeeStoreApi)'
2026-09-08 17:39:27.965 +03:00 [INF] Request finished HTTP/1.1 POST https://localhost:7143/api/Auth/login - 200 null application/json; charset=utf-8 402.1248ms
2026-09-08 17:39:33.135 +03:00 [INF] Request starting HTTP/1.1 GET https://localhost:7143/api/Products/GetProducts - null null
2026-09-08 17:39:33.235 +03:00 [INF] Executing endpoint 'CoffeeStoreApi.Controllers.ProductsController.GetProducts (CoffeeStoreApi)'
2026-09-08 17:39:33.237 +03:00 [INF] Route matched with {action = "GetProducts", controller = "Products"}. Executing controller action with signature System.Threading.Tasks.Task`1[Microsoft.AspNetCore.Mvc.IActionResult] GetProducts() on controller CoffeeStoreApi.Controllers.ProductsController (CoffeeStoreApi).
2026-09-08 17:39:33.240 +03:00 [INF] Entity Framework Core 6.0.0 initialized 'ApplicationDbContext' using provider 'Microsoft.EntityFrameworkCore.SqlServer:6.0.0' with options: None
2026-09-08 17:39:33.270 +03:00 [INF] Executed DbCommand (23ms) [Parameters=[], CommandType='"Text"', CommandTimeout='30']
SELECT [p].[Id], [p].[CategoryId], [p].[Description], [p].[Image], [p].[IsActive], [p].[Name], [p].[Price], [p].[Stock], [c].[Id], [c].[ImageUrl], [c].[Name]
FROM [Products] AS [p]
INNER JOIN [Categories] AS [c] ON [p].[CategoryId] = [c].[Id]
2026-09-08 17:39:33.295 +03:00 [INF] Executing OkObjectResult, writing value of type 'CoffeeStoreApi.Common.Response`1[[System.Collections.Generic.List`1[[CoffeeStoreApi.Dtos.ProudctResponseDto, CoffeeStoreApi, Version=1.0.0.0, Culture=neutral, PublicKeyToken=null]], System.Private.CoreLib, Version=8.0.0.0, Culture=neutral, PublicKeyToken=7cec85d7bea7798e]]'.
2026-09-08 17:39:33.306 +03:00 [INF] Executed action CoffeeStoreApi.Controllers.ProductsController.GetProducts (CoffeeStoreApi) in 68.4223ms
2026-09-08 17:39:33.306 +03:00 [INF] Executed endpoint 'CoffeeStoreApi.Controllers.ProductsController.GetProducts (CoffeeStoreApi)'
2026-09-08 17:39:33.306 +03:00 [INF] Request finished HTTP/1.1 GET https://localhost:7143/api/Products/GetProducts - 200 null application/json; charset=utf-8 171.4286ms
2026-09-08 17:39:36.684 +03:00 [INF] Request starting HTTP/1.1 GET https://localhost:7143/api/Products/GetProducts - null null
2026-09-08 17:39:36.693 +03:00 [INF] Executing endpoint 'CoffeeStoreApi.Controllers.ProductsController.GetProducts (CoffeeStoreApi)'
2026-09-08 17:39:36.693 +03:00 [INF] Route matched with {action = "GetProducts", controller = "Products"}. Executing controller action with signature System.Threading.Tasks.Task`1[Microsoft.AspNetCore.Mvc.IActionResult] GetProducts() on controller CoffeeStoreApi.Controllers.ProductsController (CoffeeStoreApi).
2026-09-08 17:39:36.694 +03:00 [INF] Entity Framework Core 6.0.0 initialized 'ApplicationDbContext' using provider 'Microsoft.EntityFrameworkCore.SqlServer:6.0.0' with options: None
2026-09-08 17:39:36.703 +03:00 [INF] Executed DbCommand (8ms) [Parameters=[], CommandType='"Text"', CommandTimeout='30']
SELECT [p].[Id], [p].[CategoryId], [p].[Description], [p].[Image], [p].[IsActive], [p].[Name], [p].[Price], [p].[Stock], [c].[Id], [c].[ImageUrl], [c].[Name]
FROM [Products] AS [p]
INNER JOIN [Categories] AS [c] ON [p].[CategoryId] = [c].[Id]
2026-09-08 17:39:36.711 +03:00 [INF] Executing OkObjectResult, writing value of type 'CoffeeStoreApi.Common.Response`1[[System.Collections.Generic.List`1[[CoffeeStoreApi.Dtos.ProudctResponseDto, CoffeeStoreApi, Version=1.0.0.0, Culture=neutral, PublicKeyToken=null]], System.Private.CoreLib, Version=8.0.0.0, Culture=neutral, PublicKeyToken=7cec85d7bea7798e]]'.
2026-09-08 17:39:36.715 +03:00 [INF] Executed action CoffeeStoreApi.Controllers.ProductsController.GetProducts (CoffeeStoreApi) in 21.8024ms
2026-09-08 17:39:36.715 +03:00 [INF] Executed endpoint 'CoffeeStoreApi.Controllers.ProductsController.GetProducts (CoffeeStoreApi)'
2026-09-08 17:39:36.715 +03:00 [INF] Request finished HTTP/1.1 GET https://localhost:7143/api/Products/GetProducts - 200 null application/json; charset=utf-8 31.0392ms
2026-09-08 17:39:37.557 +03:00 [INF] Request starting HTTP/1.1 GET https://localhost:7143/api/Products/GetProducts - null null
2026-09-08 17:39:37.561 +03:00 [INF] Executing endpoint 'CoffeeStoreApi.Controllers.ProductsController.GetProducts (CoffeeStoreApi)'
2026-09-08 17:39:37.561 +03:00 [INF] Route matched with {action = "GetProducts", controller = "Products"}. Executing controller action with signature System.Threading.Tasks.Task`1[Microsoft.AspNetCore.Mvc.IActionResult] GetProducts() on controller CoffeeStoreApi.Controllers.ProductsController (CoffeeStoreApi).
2026-09-08 17:39:37.567 +03:00 [INF] Entity Framework Core 6.0.0 initialized 'ApplicationDbContext' using provider 'Microsoft.EntityFrameworkCore.SqlServer:6.0.0' with options: None
2026-09-08 17:39:37.576 +03:00 [INF] Executed DbCommand (7ms) [Parameters=[], CommandType='"Text"', CommandTimeout='30']
SELECT [p].[Id], [p].[CategoryId], [p].[Description], [p].[Image], [p].[IsActive], [p].[Name], [p].[Price], [p].[Stock], [c].[Id], [c].[ImageUrl], [c].[Name]
FROM [Products] AS [p]
INNER JOIN [Categories] AS [c] ON [p].[CategoryId] = [c].[Id]
2026-09-08 17:39:37.583 +03:00 [INF] Executing OkObjectResult, writing value of type 'CoffeeStoreApi.Common.Response`1[[System.Collections.Generic.List`1[[CoffeeStoreApi.Dtos.ProudctResponseDto, CoffeeStoreApi, Version=1.0.0.0, Culture=neutral, PublicKeyToken=null]], System.Private.CoreLib, Version=8.0.0.0, Culture=neutral, PublicKeyToken=7cec85d7bea7798e]]'.
2026-09-08 17:39:37.585 +03:00 [INF] Executed action CoffeeStoreApi.Controllers.ProductsController.GetProducts (CoffeeStoreApi) in 23.5656ms
2026-09-08 17:39:37.585 +03:00 [INF] Executed endpoint 'CoffeeStoreApi.Controllers.ProductsController.GetProducts (CoffeeStoreApi)'
2026-09-08 17:39:37.585 +03:00 [INF] Request finished HTTP/1.1 GET https://localhost:7143/api/Products/GetProducts - 200 null application/json; charset=utf-8 27.8502ms
2026-09-08 17:39:38.431 +03:00 [INF] Request starting HTTP/1.1 GET https://localhost:7143/api/Products/GetProducts - null null
2026-09-08 17:39:38.432 +03:00 [INF] Executing endpoint 'CoffeeStoreApi.Controllers.ProductsController.GetProducts (CoffeeStoreApi)'
2026-09-08 17:39:38.432 +03:00 [INF] Route matched with {action = "GetProducts", controller = "Products"}. Executing controller action with signature System.Threading.Tasks.Task`1[Microsoft.AspNetCore.Mvc.IActionResult] GetProducts() on controller CoffeeStoreApi.Controllers.ProductsController (CoffeeStoreApi).
2026-09-08 17:39:38.433 +03:00 [INF] Entity Framework Core 6.0.0 initialized 'ApplicationDbContext' using provider 'Microsoft.EntityFrameworkCore.SqlServer:6.0.0' with options: None
2026-09-08 17:39:38.440 +03:00 [INF] Executed DbCommand (4ms) [Parameters=[], CommandType='"Text"', CommandTimeout='30']
SELECT [p].[Id], [p].[CategoryId], [p].[Description], [p].[Image], [p].[IsActive], [p].[Name], [p].[Price], [p].[Stock], [c].[Id], [c].[ImageUrl], [c].[Name]
FROM [Products] AS [p]
INNER JOIN [Categories] AS [c] ON [p].[CategoryId] = [c].[Id]
2026-09-08 17:39:38.478 +03:00 [INF] Executing OkObjectResult, writing value of type 'CoffeeStoreApi.Common.Response`1[[System.Collections.Generic.List`1[[CoffeeStoreApi.Dtos.ProudctResponseDto, CoffeeStoreApi, Version=1.0.0.0, Culture=neutral, PublicKeyToken=null]], System.Private.CoreLib, Version=8.0.0.0, Culture=neutral, PublicKeyToken=7cec85d7bea7798e]]'.
2026-09-08 17:39:38.483 +03:00 [INF] Executed action CoffeeStoreApi.Controllers.ProductsController.GetProducts (CoffeeStoreApi) in 50.8402ms
2026-09-08 17:39:38.483 +03:00 [INF] Executed endpoint 'CoffeeStoreApi.Controllers.ProductsController.GetProducts (CoffeeStoreApi)'
2026-09-08 17:39:38.483 +03:00 [INF] Request finished HTTP/1.1 GET https://localhost:7143/api/Products/GetProducts - 200 null application/json; charset=utf-8 52.6188ms
2026-09-08 17:39:39.362 +03:00 [INF] Request starting HTTP/1.1 GET https://localhost:7143/api/Products/GetProducts - null null
2026-09-08 17:39:39.363 +03:00 [INF] Executing endpoint 'CoffeeStoreApi.Controllers.ProductsController.GetProducts (CoffeeStoreApi)'
2026-09-08 17:39:39.363 +03:00 [INF] Route matched with {action = "GetProducts", controller = "Products"}. Executing controller action with signature System.Threading.Tasks.Task`1[Microsoft.AspNetCore.Mvc.IActionResult] GetProducts() on controller CoffeeStoreApi.Controllers.ProductsController (CoffeeStoreApi).
2026-09-08 17:39:39.364 +03:00 [INF] Entity Framework Core 6.0.0 initialized 'ApplicationDbContext' using provider 'Microsoft.EntityFrameworkCore.SqlServer:6.0.0' with options: None
2026-09-08 17:39:39.374 +03:00 [INF] Executed DbCommand (9ms) [Parameters=[], CommandType='"Text"', CommandTimeout='30']
SELECT [p].[Id], [p].[CategoryId], [p].[Description], [p].[Image], [p].[IsActive], [p].[Name], [p].[Price], [p].[Stock], [c].[Id], [c].[ImageUrl], [c].[Name]
FROM [Products] AS [p]
INNER JOIN [Categories] AS [c] ON [p].[CategoryId] = [c].[Id]
2026-09-08 17:39:39.383 +03:00 [INF] Executing OkObjectResult, writing value of type 'CoffeeStoreApi.Common.Response`1[[System.Collections.Generic.List`1[[CoffeeStoreApi.Dtos.ProudctResponseDto, CoffeeStoreApi, Version=1.0.0.0, Culture=neutral, PublicKeyToken=null]], System.Private.CoreLib, Version=8.0.0.0, Culture=neutral, PublicKeyToken=7cec85d7bea7798e]]'.
2026-09-08 17:39:39.415 +03:00 [INF] Executed action CoffeeStoreApi.Controllers.ProductsController.GetProducts (CoffeeStoreApi) in 51.8059ms
2026-09-08 17:39:39.415 +03:00 [INF] Executed endpoint 'CoffeeStoreApi.Controllers.ProductsController.GetProducts (CoffeeStoreApi)'
2026-09-08 17:39:39.416 +03:00 [INF] Request finished HTTP/1.1 GET https://localhost:7143/api/Products/GetProducts - 200 null application/json; charset=utf-8 53.7531ms
2026-09-08 17:39:40.328 +03:00 [INF] Request starting HTTP/1.1 GET https://localhost:7143/api/Products/GetProducts - null null
2026-09-08 17:39:40.330 +03:00 [INF] Executing endpoint 'CoffeeStoreApi.Controllers.ProductsController.GetProducts (CoffeeStoreApi)'
2026-09-08 17:39:40.330 +03:00 [INF] Route matched with {action = "GetProducts", controller = "Products"}. Executing controller action with signature System.Threading.Tasks.Task`1[Microsoft.AspNetCore.Mvc.IActionResult] GetProducts() on controller CoffeeStoreApi.Controllers.ProductsController (CoffeeStoreApi).
2026-09-08 17:39:40.331 +03:00 [INF] Entity Framework Core 6.0.0 initialized 'ApplicationDbContext' using provider 'Microsoft.EntityFrameworkCore.SqlServer:6.0.0' with options: None
2026-09-08 17:39:40.365 +03:00 [INF] Executed DbCommand (25ms) [Parameters=[], CommandType='"Text"', CommandTimeout='30']
SELECT [p].[Id], [p].[CategoryId], [p].[Description], [p].[Image], [p].[IsActive], [p].[Name], [p].[Price], [p].[Stock], [c].[Id], [c].[ImageUrl], [c].[Name]
FROM [Products] AS [p]
INNER JOIN [Categories] AS [c] ON [p].[CategoryId] = [c].[Id]
2026-09-08 17:39:40.378 +03:00 [INF] Executing OkObjectResult, writing value of type 'CoffeeStoreApi.Common.Response`1[[System.Collections.Generic.List`1[[CoffeeStoreApi.Dtos.ProudctResponseDto, CoffeeStoreApi, Version=1.0.0.0, Culture=neutral, PublicKeyToken=null]], System.Private.CoreLib, Version=8.0.0.0, Culture=neutral, PublicKeyToken=7cec85d7bea7798e]]'.
2026-09-08 17:39:40.381 +03:00 [INF] Executed action CoffeeStoreApi.Controllers.ProductsController.GetProducts (CoffeeStoreApi) in 51.2893ms
2026-09-08 17:39:40.381 +03:00 [INF] Executed endpoint 'CoffeeStoreApi.Controllers.ProductsController.GetProducts (CoffeeStoreApi)'
2026-09-08 17:39:40.381 +03:00 [INF] Request finished HTTP/1.1 GET https://localhost:7143/api/Products/GetProducts - 200 null application/json; charset=utf-8 53.5347ms
2026-09-08 17:39:41.333 +03:00 [INF] Request starting HTTP/1.1 GET https://localhost:7143/api/Products/GetProducts - null null
2026-09-08 17:39:41.335 +03:00 [INF] Executing endpoint 'CoffeeStoreApi.Controllers.ProductsController.GetProducts (CoffeeStoreApi)'
2026-09-08 17:39:41.335 +03:00 [INF] Route matched with {action = "GetProducts", controller = "Products"}. Executing controller action with signature System.Threading.Tasks.Task`1[Microsoft.AspNetCore.Mvc.IActionResult] GetProducts() on controller CoffeeStoreApi.Controllers.ProductsController (CoffeeStoreApi).
2026-09-08 17:39:41.336 +03:00 [INF] Entity Framework Core 6.0.0 initialized 'ApplicationDbContext' using provider 'Microsoft.EntityFrameworkCore.SqlServer:6.0.0' with options: None
2026-09-08 17:39:41.347 +03:00 [INF] Executed DbCommand (8ms) [Parameters=[], CommandType='"Text"', CommandTimeout='30']
SELECT [p].[Id], [p].[CategoryId], [p].[Description], [p].[Image], [p].[IsActive], [p].[Name], [p].[Price], [p].[Stock], [c].[Id], [c].[ImageUrl], [c].[Name]
FROM [Products] AS [p]
INNER JOIN [Categories] AS [c] ON [p].[CategoryId] = [c].[Id]
2026-09-08 17:39:41.365 +03:00 [INF] Executing OkObjectResult, writing value of type 'CoffeeStoreApi.Common.Response`1[[System.Collections.Generic.List`1[[CoffeeStoreApi.Dtos.ProudctResponseDto, CoffeeStoreApi, Version=1.0.0.0, Culture=neutral, PublicKeyToken=null]], System.Private.CoreLib, Version=8.0.0.0, Culture=neutral, PublicKeyToken=7cec85d7bea7798e]]'.
2026-09-08 17:39:41.379 +03:00 [INF] Executed action CoffeeStoreApi.Controllers.ProductsController.GetProducts (CoffeeStoreApi) in 43.7361ms
2026-09-08 17:39:41.379 +03:00 [INF] Executed endpoint 'CoffeeStoreApi.Controllers.ProductsController.GetProducts (CoffeeStoreApi)'
2026-09-08 17:39:41.379 +03:00 [INF] Request finished HTTP/1.1 GET https://localhost:7143/api/Products/GetProducts - 200 null application/json; charset=utf-8 45.9284ms
2026-09-08 17:39:42.228 +03:00 [INF] Request starting HTTP/1.1 GET https://localhost:7143/api/Products/GetProducts - null null
2026-09-08 17:39:42.229 +03:00 [INF] Executing endpoint 'CoffeeStoreApi.Controllers.ProductsController.GetProducts (CoffeeStoreApi)'
2026-09-08 17:39:42.229 +03:00 [INF] Route matched with {action = "GetProducts", controller = "Products"}. Executing controller action with signature System.Threading.Tasks.Task`1[Microsoft.AspNetCore.Mvc.IActionResult] GetProducts() on controller CoffeeStoreApi.Controllers.ProductsController (CoffeeStoreApi).
2026-09-08 17:39:42.231 +03:00 [INF] Entity Framework Core 6.0.0 initialized 'ApplicationDbContext' using provider 'Microsoft.EntityFrameworkCore.SqlServer:6.0.0' with options: None
2026-09-08 17:39:42.286 +03:00 [INF] Executed DbCommand (55ms) [Parameters=[], CommandType='"Text"', CommandTimeout='30']
SELECT [p].[Id], [p].[CategoryId], [p].[Description], [p].[Image], [p].[IsActive], [p].[Name], [p].[Price], [p].[Stock], [c].[Id], [c].[ImageUrl], [c].[Name]
FROM [Products] AS [p]
INNER JOIN [Categories] AS [c] ON [p].[CategoryId] = [c].[Id]
2026-09-08 17:39:42.297 +03:00 [INF] Executing OkObjectResult, writing value of type 'CoffeeStoreApi.Common.Response`1[[System.Collections.Generic.List`1[[CoffeeStoreApi.Dtos.ProudctResponseDto, CoffeeStoreApi, Version=1.0.0.0, Culture=neutral, PublicKeyToken=null]], System.Private.CoreLib, Version=8.0.0.0, Culture=neutral, PublicKeyToken=7cec85d7bea7798e]]'.
2026-09-08 17:39:42.307 +03:00 [INF] Executed action CoffeeStoreApi.Controllers.ProductsController.GetProducts (CoffeeStoreApi) in 77.5805ms
2026-09-08 17:39:42.307 +03:00 [INF] Executed endpoint 'CoffeeStoreApi.Controllers.ProductsController.GetProducts (CoffeeStoreApi)'
2026-09-08 17:39:42.307 +03:00 [INF] Request finished HTTP/1.1 GET https://localhost:7143/api/Products/GetProducts - 200 null application/json; charset=utf-8 79.021ms
2026-09-08 17:39:43.121 +03:00 [INF] Request starting HTTP/1.1 GET https://localhost:7143/api/Products/GetProducts - null null
2026-09-08 17:39:43.122 +03:00 [INF] Executing endpoint 'CoffeeStoreApi.Controllers.ProductsController.GetProducts (CoffeeStoreApi)'
2026-09-08 17:39:43.122 +03:00 [INF] Route matched with {action = "GetProducts", controller = "Products"}. Executing controller action with signature System.Threading.Tasks.Task`1[Microsoft.AspNetCore.Mvc.IActionResult] GetProducts() on controller CoffeeStoreApi.Controllers.ProductsController (CoffeeStoreApi).
2026-09-08 17:39:43.123 +03:00 [INF] Entity Framework Core 6.0.0 initialized 'ApplicationDbContext' using provider 'Microsoft.EntityFrameworkCore.SqlServer:6.0.0' with options: None
2026-09-08 17:39:43.153 +03:00 [INF] Executed DbCommand (30ms) [Parameters=[], CommandType='"Text"', CommandTimeout='30']
SELECT [p].[Id], [p].[CategoryId], [p].[Description], [p].[Image], [p].[IsActive], [p].[Name], [p].[Price], [p].[Stock], [c].[Id], [c].[ImageUrl], [c].[Name]
FROM [Products] AS [p]
INNER JOIN [Categories] AS [c] ON [p].[CategoryId] = [c].[Id]
2026-09-08 17:39:43.188 +03:00 [INF] Executing OkObjectResult, writing value of type 'CoffeeStoreApi.Common.Response`1[[System.Collections.Generic.List`1[[CoffeeStoreApi.Dtos.ProudctResponseDto, CoffeeStoreApi, Version=1.0.0.0, Culture=neutral, PublicKeyToken=null]], System.Private.CoreLib, Version=8.0.0.0, Culture=neutral, PublicKeyToken=7cec85d7bea7798e]]'.
2026-09-08 17:39:43.217 +03:00 [INF] Executed action CoffeeStoreApi.Controllers.ProductsController.GetProducts (CoffeeStoreApi) in 95.056ms
2026-09-08 17:39:43.217 +03:00 [INF] Executed endpoint 'CoffeeStoreApi.Controllers.ProductsController.GetProducts (CoffeeStoreApi)'
2026-09-08 17:39:43.218 +03:00 [INF] Request finished HTTP/1.1 GET https://localhost:7143/api/Products/GetProducts - 200 null application/json; charset=utf-8 96.8697ms
2026-09-08 17:40:17.244 +03:00 [INF] User profile is available. Using '/Users/terminal/.aspnet/DataProtection-Keys' as key repository; keys will not be encrypted at rest.
2026-09-08 17:40:17.565 +03:00 [WRN] No store type was specified for the decimal property 'Amount' on entity type 'Payment'. This will cause values to be silently truncated if they do not fit in the default precision and scale. Explicitly specify the SQL server column type that can accommodate all the values in 'OnModelCreating' using 'HasColumnType', specify precision and scale using 'HasPrecision', or configure a value converter using 'HasConversion'.
2026-09-08 17:40:17.635 +03:00 [INF] Entity Framework Core 6.0.0 initialized 'ApplicationDbContext' using provider 'Microsoft.EntityFrameworkCore.SqlServer:6.0.0' with options: None
2026-09-08 17:40:17.954 +03:00 [INF] Executed DbCommand (26ms) [Parameters=[@__normalizedName_0='?' (Size = 256)], CommandType='"Text"', CommandTimeout='30']
SELECT TOP(1) [a].[Id], [a].[ConcurrencyStamp], [a].[Name], [a].[NormalizedName]
FROM [AspNetRoles] AS [a]
WHERE [a].[NormalizedName] = @__normalizedName_0
2026-09-08 17:40:17.992 +03:00 [INF] Executed DbCommand (3ms) [Parameters=[@__normalizedName_0='?' (Size = 256)], CommandType='"Text"', CommandTimeout='30']
SELECT TOP(1) [a].[Id], [a].[ConcurrencyStamp], [a].[Name], [a].[NormalizedName]
FROM [AspNetRoles] AS [a]
WHERE [a].[NormalizedName] = @__normalizedName_0
2026-09-08 17:40:18.044 +03:00 [INF] Executed DbCommand (26ms) [Parameters=[@__normalizedName_0='?' (Size = 256)], CommandType='"Text"', CommandTimeout='30']
SELECT TOP(1) [a].[Id], [a].[ConcurrencyStamp], [a].[Name], [a].[NormalizedName]
FROM [AspNetRoles] AS [a]
WHERE [a].[NormalizedName] = @__normalizedName_0
2026-09-08 17:40:18.064 +03:00 [INF] Executed DbCommand (2ms) [Parameters=[@__role_Id_0='?' (Size = 450)], CommandType='"Text"', CommandTimeout='30']
SELECT [a].[ClaimType], [a].[ClaimValue]
FROM [AspNetRoleClaims] AS [a]
WHERE [a].[RoleId] = @__role_Id_0
2026-09-08 17:40:18.070 +03:00 [INF] Executed DbCommand (4ms) [Parameters=[@__normalizedName_0='?' (Size = 256)], CommandType='"Text"', CommandTimeout='30']
SELECT TOP(1) [a].[Id], [a].[ConcurrencyStamp], [a].[Name], [a].[NormalizedName]
FROM [AspNetRoles] AS [a]
WHERE [a].[NormalizedName] = @__normalizedName_0
2026-09-08 17:40:18.072 +03:00 [INF] Executed DbCommand (1ms) [Parameters=[@__role_Id_0='?' (Size = 450)], CommandType='"Text"', CommandTimeout='30']
SELECT [a].[ClaimType], [a].[ClaimValue]
FROM [AspNetRoleClaims] AS [a]
WHERE [a].[RoleId] = @__role_Id_0
2026-09-08 17:40:18.104 +03:00 [INF] Executed DbCommand (26ms) [Parameters=[@__normalizedEmail_0='?' (Size = 256)], CommandType='"Text"', CommandTimeout='30']
SELECT TOP(2) [a].[Id], [a].[AccessFailedCount], [a].[ConcurrencyStamp], [a].[Email], [a].[EmailConfirmed], [a].[FullName], [a].[LockoutEnabled], [a].[LockoutEnd], [a].[NormalizedEmail], [a].[NormalizedUserName], [a].[PasswordHash], [a].[PhoneNumber], [a].[PhoneNumberConfirmed], [a].[SecurityStamp], [a].[TwoFactorEnabled], [a].[UserName]
FROM [AspNetUsers] AS [a]
WHERE [a].[NormalizedEmail] = @__normalizedEmail_0
2026-09-08 17:40:18.348 +03:00 [INF] Now listening on: https://localhost:7143
2026-09-08 17:40:18.348 +03:00 [INF] Now listening on: http://localhost:5042
2026-09-08 17:40:18.350 +03:00 [INF] Application started. Press Ctrl+C to shut down.
2026-09-08 17:40:18.350 +03:00 [INF] Hosting environment: Development
2026-09-08 17:40:18.350 +03:00 [INF] Content root path: /Users/terminal/Projects/SoreApi-main/CoffeeStoreApi
2026-09-08 17:40:19.530 +03:00 [INF] Request starting HTTP/2 GET https://localhost:7143/swagger/index.html - null null
2026-09-08 17:40:19.597 +03:00 [INF] Request finished HTTP/2 GET https://localhost:7143/swagger/index.html - 200 null text/html;charset=utf-8 67.6463ms
2026-09-08 17:40:19.678 +03:00 [INF] Request starting HTTP/2 GET https://localhost:7143/swagger/v1/swagger.json - null null
2026-09-08 17:40:19.741 +03:00 [INF] Request finished HTTP/2 GET https://localhost:7143/swagger/v1/swagger.json - 200 null application/json;charset=utf-8 62.6915ms
2026-09-08 17:40:23.709 +03:00 [INF] Request starting HTTP/1.1 GET https://localhost:7143/api/Products/GetProducts - null null
2026-09-08 17:40:23.821 +03:00 [INF] Executing endpoint 'CoffeeStoreApi.Controllers.ProductsController.GetProducts (CoffeeStoreApi)'
2026-09-08 17:40:23.828 +03:00 [INF] Route matched with {action = "GetProducts", controller = "Products"}. Executing controller action with signature System.Threading.Tasks.Task`1[Microsoft.AspNetCore.Mvc.IActionResult] GetProducts() on controller CoffeeStoreApi.Controllers.ProductsController (CoffeeStoreApi).
2026-09-08 17:40:23.858 +03:00 [INF] Entity Framework Core 6.0.0 initialized 'ApplicationDbContext' using provider 'Microsoft.EntityFrameworkCore.SqlServer:6.0.0' with options: None
2026-09-08 17:40:23.881 +03:00 [INF] Executed DbCommand (3ms) [Parameters=[], CommandType='"Text"', CommandTimeout='30']
SELECT [p].[Id], [p].[CategoryId], [p].[Description], [p].[Image], [p].[IsActive], [p].[Name], [p].[Price], [p].[Stock], [c].[Id], [c].[ImageUrl], [c].[Name]
FROM [Products] AS [p]
INNER JOIN [Categories] AS [c] ON [p].[CategoryId] = [c].[Id]
2026-09-08 17:40:23.924 +03:00 [INF] Executing OkObjectResult, writing value of type 'CoffeeStoreApi.Common.Response`1[[System.Collections.Generic.List`1[[CoffeeStoreApi.Dtos.ProudctResponseDto, CoffeeStoreApi, Version=1.0.0.0, Culture=neutral, PublicKeyToken=null]], System.Private.CoreLib, Version=8.0.0.0, Culture=neutral, PublicKeyToken=7cec85d7bea7798e]]'.
2026-09-08 17:40:23.944 +03:00 [INF] Executed action CoffeeStoreApi.Controllers.ProductsController.GetProducts (CoffeeStoreApi) in 114.0093ms
2026-09-08 17:40:23.944 +03:00 [INF] Executed endpoint 'CoffeeStoreApi.Controllers.ProductsController.GetProducts (CoffeeStoreApi)'
2026-09-08 17:40:23.946 +03:00 [INF] Request finished HTTP/1.1 GET https://localhost:7143/api/Products/GetProducts - 200 null application/json; charset=utf-8 237.1368ms
2026-09-08 17:40:29.229 +03:00 [INF] Request starting HTTP/1.1 GET https://localhost:7143/api/Products/GetProducts - null null
2026-09-08 17:40:29.244 +03:00 [INF] Failed to validate the token.
Microsoft.IdentityModel.Tokens.SecurityTokenExpiredException: IDX10223: Lifetime validation failed. The token is expired. ValidTo: 'System.DateTime', Current time: 'System.DateTime'.
   at Microsoft.IdentityModel.Tokens.Validators.ValidateLifetime(Nullable`1 notBefore, Nullable`1 expires, SecurityToken securityToken, TokenValidationParameters validationParameters)
   at System.IdentityModel.Tokens.Jwt.JwtSecurityTokenHandler.ValidateLifetime(Nullable`1 notBefore, Nullable`1 expires, JwtSecurityToken jwtToken, TokenValidationParameters validationParameters)
   at System.IdentityModel.Tokens.Jwt.JwtSecurityTokenHandler.ValidateTokenPayload(JwtSecurityToken jwtToken, TokenValidationParameters validationParameters)
   at System.IdentityModel.Tokens.Jwt.JwtSecurityTokenHandler.ValidateToken(String token, TokenValidationParameters validationParameters, SecurityToken& validatedToken)
   at Microsoft.AspNetCore.Authentication.JwtBearer.JwtBearerHandler.HandleAuthenticateAsync()
2026-09-08 17:40:29.261 +03:00 [INF] Bearer was not authenticated. Failure message: IDX10223: Lifetime validation failed. The token is expired. ValidTo: 'System.DateTime', Current time: 'System.DateTime'.
2026-09-08 17:40:29.263 +03:00 [INF] Authorization failed. These requirements were not met:
ClaimsAuthorizationRequirement:Claim.Type=Permission and Claim.Value is one of the following values: (product:get)
2026-09-08 17:40:29.267 +03:00 [INF] AuthenticationScheme: Bearer was challenged.
2026-09-08 17:40:29.267 +03:00 [INF] Request finished HTTP/1.1 GET https://localhost:7143/api/Products/GetProducts - 401 null application/json 37.61ms
2026-09-08 17:40:32.505 +03:00 [INF] Request starting HTTP/1.1 POST https://localhost:7143/api/Auth/login - multipart/form-data; boundary=--------------------------092673158664406090826735 302
2026-09-08 17:40:32.509 +03:00 [INF] Executing endpoint 'CoffeeStoreApi.Controllers.AuthController.Login (CoffeeStoreApi)'
2026-09-08 17:40:32.526 +03:00 [INF] Route matched with {action = "Login", controller = "Auth"}. Executing controller action with signature System.Threading.Tasks.Task`1[Microsoft.AspNetCore.Mvc.IActionResult] Login(CoffeeStoreApi.Dtos.LoginDto) on controller CoffeeStoreApi.Controllers.AuthController (CoffeeStoreApi).
2026-09-08 17:40:32.560 +03:00 [INF] Entity Framework Core 6.0.0 initialized 'ApplicationDbContext' using provider 'Microsoft.EntityFrameworkCore.SqlServer:6.0.0' with options: None
2026-09-08 17:40:32.588 +03:00 [INF] Executed DbCommand (5ms) [Parameters=[@__loginDto_Email_0='?' (Size = 256)], CommandType='"Text"', CommandTimeout='30']
SELECT [t].[Id], [t].[AccessFailedCount], [t].[ConcurrencyStamp], [t].[Email], [t].[EmailConfirmed], [t].[FullName], [t].[LockoutEnabled], [t].[LockoutEnd], [t].[NormalizedEmail], [t].[NormalizedUserName], [t].[PasswordHash], [t].[PhoneNumber], [t].[PhoneNumberConfirmed], [t].[SecurityStamp], [t].[TwoFactorEnabled], [t].[UserName], [r].[Id], [r].[CreatedOn], [r].[ExpiresOn], [r].[RevokedOn], [r].[Token], [r].[UserId]
FROM (
    SELECT TOP(1) [a].[Id], [a].[AccessFailedCount], [a].[ConcurrencyStamp], [a].[Email], [a].[EmailConfirmed], [a].[FullName], [a].[LockoutEnabled], [a].[LockoutEnd], [a].[NormalizedEmail], [a].[NormalizedUserName], [a].[PasswordHash], [a].[PhoneNumber], [a].[PhoneNumberConfirmed], [a].[SecurityStamp], [a].[TwoFactorEnabled], [a].[UserName]
    FROM [AspNetUsers] AS [a]
    WHERE [a].[Email] = @__loginDto_Email_0
) AS [t]
LEFT JOIN [refreshTokens] AS [r] ON [t].[Id] = [r].[UserId]
ORDER BY [t].[Id]
2026-09-08 17:40:32.664 +03:00 [INF] Executed DbCommand (2ms) [Parameters=[@__user_Id_0='?' (Size = 450)], CommandType='"Text"', CommandTimeout='30']
SELECT [a].[Id], [a].[ClaimType], [a].[ClaimValue], [a].[UserId]
FROM [AspNetUserClaims] AS [a]
WHERE [a].[UserId] = @__user_Id_0
2026-09-08 17:40:32.676 +03:00 [INF] Executed DbCommand (4ms) [Parameters=[@__userId_0='?' (Size = 450)], CommandType='"Text"', CommandTimeout='30']
SELECT [a0].[Name]
FROM [AspNetUserRoles] AS [a]
INNER JOIN [AspNetRoles] AS [a0] ON [a].[RoleId] = [a0].[Id]
WHERE [a].[UserId] = @__userId_0
2026-09-08 17:40:32.678 +03:00 [INF] Executed DbCommand (1ms) [Parameters=[@__normalizedName_0='?' (Size = 256)], CommandType='"Text"', CommandTimeout='30']
SELECT TOP(1) [a].[Id], [a].[ConcurrencyStamp], [a].[Name], [a].[NormalizedName]
FROM [AspNetRoles] AS [a]
WHERE [a].[NormalizedName] = @__normalizedName_0
2026-09-08 17:40:32.680 +03:00 [INF] Executed DbCommand (1ms) [Parameters=[@__role_Id_0='?' (Size = 450)], CommandType='"Text"', CommandTimeout='30']
SELECT [a].[ClaimType], [a].[ClaimValue]
FROM [AspNetRoleClaims] AS [a]
WHERE [a].[RoleId] = @__role_Id_0
2026-09-08 17:40:32.746 +03:00 [INF] Executed DbCommand (48ms) [Parameters=[@__normalizedUserName_0='?' (Size = 256)], CommandType='"Text"', CommandTimeout='30']
SELECT TOP(1) [a].[Id], [a].[AccessFailedCount], [a].[ConcurrencyStamp], [a].[Email], [a].[EmailConfirmed], [a].[FullName], [a].[LockoutEnabled], [a].[LockoutEnd], [a].[NormalizedEmail], [a].[NormalizedUserName], [a].[PasswordHash], [a].[PhoneNumber], [a].[PhoneNumberConfirmed], [a].[SecurityStamp], [a].[TwoFactorEnabled], [a].[UserName]
FROM [AspNetUsers] AS [a]
WHERE [a].[NormalizedUserName] = @__normalizedUserName_0
2026-09-08 17:40:32.821 +03:00 [INF] Executed DbCommand (3ms) [Parameters=[@p15='?' (Size = 450), @p0='?' (DbType = Int32), @p1='?' (Size = 4000), @p16='?' (Size = 4000), @p2='?' (Size = 256), @p3='?' (DbType = Boolean), @p4='?' (Size = 4000), @p5='?' (DbType = Boolean), @p6='?' (DbType = DateTimeOffset), @p7='?' (Size = 256), @p8='?' (Size = 256), @p9='?' (Size = 4000), @p10='?' (Size = 4000), @p11='?' (DbType = Boolean), @p12='?' (Size = 4000), @p13='?' (DbType = Boolean), @p14='?' (Size = 256)], CommandType='"Text"', CommandTimeout='30']
SET NOCOUNT ON;
UPDATE [AspNetUsers] SET [AccessFailedCount] = @p0, [ConcurrencyStamp] = @p1, [Email] = @p2, [EmailConfirmed] = @p3, [FullName] = @p4, [LockoutEnabled] = @p5, [LockoutEnd] = @p6, [NormalizedEmail] = @p7, [NormalizedUserName] = @p8, [PasswordHash] = @p9, [PhoneNumber] = @p10, [PhoneNumberConfirmed] = @p11, [SecurityStamp] = @p12, [TwoFactorEnabled] = @p13, [UserName] = @p14
WHERE [Id] = @p15 AND [ConcurrencyStamp] = @p16;
SELECT @@ROWCOUNT;
2026-09-08 17:40:32.826 +03:00 [INF] Executed DbCommand (2ms) [Parameters=[@p1='?' (DbType = Int32), @p0='?' (DbType = DateTime2)], CommandType='"Text"', CommandTimeout='30']
SET NOCOUNT ON;
UPDATE [refreshTokens] SET [RevokedOn] = @p0
WHERE [Id] = @p1;
SELECT @@ROWCOUNT;
2026-09-08 17:40:32.832 +03:00 [INF] Executed DbCommand (2ms) [Parameters=[@p0='?' (DbType = DateTime2), @p1='?' (DbType = DateTime2), @p2='?' (DbType = DateTime2), @p3='?' (Size = 4000), @p4='?' (Size = 450)], CommandType='"Text"', CommandTimeout='30']
SET NOCOUNT ON;
INSERT INTO [refreshTokens] ([CreatedOn], [ExpiresOn], [RevokedOn], [Token], [UserId])
VALUES (@p0, @p1, @p2, @p3, @p4);
SELECT [Id]
FROM [refreshTokens]
WHERE @@ROWCOUNT = 1 AND [Id] = scope_identity();
2026-09-08 17:40:32.850 +03:00 [INF] Executing OkObjectResult, writing value of type 'CoffeeStoreApi.Common.Response`1[[CoffeeStoreApi.Dtos.LoginResponseDto, CoffeeStoreApi, Version=1.0.0.0, Culture=neutral, PublicKeyToken=null]]'.
2026-09-08 17:40:32.854 +03:00 [INF] Executed action CoffeeStoreApi.Controllers.AuthController.Login (CoffeeStoreApi) in 327.421ms
2026-09-08 17:40:32.854 +03:00 [INF] Executed endpoint 'CoffeeStoreApi.Controllers.AuthController.Login (CoffeeStoreApi)'
2026-09-08 17:40:32.854 +03:00 [INF] Request finished HTTP/1.1 POST https://localhost:7143/api/Auth/login - 200 null application/json; charset=utf-8 348.8592ms
2026-09-08 17:40:37.841 +03:00 [INF] Request starting HTTP/1.1 GET https://localhost:7143/api/Products/GetProducts - null null
2026-09-08 17:40:37.846 +03:00 [INF] Executing endpoint 'CoffeeStoreApi.Controllers.ProductsController.GetProducts (CoffeeStoreApi)'
2026-09-08 17:40:37.846 +03:00 [INF] Route matched with {action = "GetProducts", controller = "Products"}. Executing controller action with signature System.Threading.Tasks.Task`1[Microsoft.AspNetCore.Mvc.IActionResult] GetProducts() on controller CoffeeStoreApi.Controllers.ProductsController (CoffeeStoreApi).
2026-09-08 17:40:37.848 +03:00 [INF] Entity Framework Core 6.0.0 initialized 'ApplicationDbContext' using provider 'Microsoft.EntityFrameworkCore.SqlServer:6.0.0' with options: None
2026-09-08 17:40:37.885 +03:00 [INF] Executed DbCommand (8ms) [Parameters=[], CommandType='"Text"', CommandTimeout='30']
SELECT [p].[Id], [p].[CategoryId], [p].[Description], [p].[Image], [p].[IsActive], [p].[Name], [p].[Price], [p].[Stock], [c].[Id], [c].[ImageUrl], [c].[Name]
FROM [Products] AS [p]
INNER JOIN [Categories] AS [c] ON [p].[CategoryId] = [c].[Id]
2026-09-08 17:40:37.979 +03:00 [INF] Executing OkObjectResult, writing value of type 'CoffeeStoreApi.Common.Response`1[[System.Collections.Generic.List`1[[CoffeeStoreApi.Dtos.ProudctResponseDto, CoffeeStoreApi, Version=1.0.0.0, Culture=neutral, PublicKeyToken=null]], System.Private.CoreLib, Version=8.0.0.0, Culture=neutral, PublicKeyToken=7cec85d7bea7798e]]'.
2026-09-08 17:40:37.986 +03:00 [INF] Executed action CoffeeStoreApi.Controllers.ProductsController.GetProducts (CoffeeStoreApi) in 139.5944ms
2026-09-08 17:40:37.986 +03:00 [INF] Executed endpoint 'CoffeeStoreApi.Controllers.ProductsController.GetProducts (CoffeeStoreApi)'
2026-09-08 17:40:37.987 +03:00 [INF] Request finished HTTP/1.1 GET https://localhost:7143/api/Products/GetProducts - 200 null application/json; charset=utf-8 145.0717ms
2026-09-08 17:40:38.794 +03:00 [INF] Request starting HTTP/1.1 GET https://localhost:7143/api/Products/GetProducts - null null
2026-09-08 17:40:38.796 +03:00 [INF] Executing endpoint 'CoffeeStoreApi.Controllers.ProductsController.GetProducts (CoffeeStoreApi)'
2026-09-08 17:40:38.796 +03:00 [INF] Route matched with {action = "GetProducts", controller = "Products"}. Executing controller action with signature System.Threading.Tasks.Task`1[Microsoft.AspNetCore.Mvc.IActionResult] GetProducts() on controller CoffeeStoreApi.Controllers.ProductsController (CoffeeStoreApi).
2026-09-08 17:40:38.807 +03:00 [INF] Entity Framework Core 6.0.0 initialized 'ApplicationDbContext' using provider 'Microsoft.EntityFrameworkCore.SqlServer:6.0.0' with options: None
2026-09-08 17:40:38.810 +03:00 [INF] Executed DbCommand (3ms) [Parameters=[], CommandType='"Text"', CommandTimeout='30']
SELECT [p].[Id], [p].[CategoryId], [p].[Description], [p].[Image], [p].[IsActive], [p].[Name], [p].[Price], [p].[Stock], [c].[Id], [c].[ImageUrl], [c].[Name]
FROM [Products] AS [p]
INNER JOIN [Categories] AS [c] ON [p].[CategoryId] = [c].[Id]
2026-09-08 17:40:38.847 +03:00 [INF] Executing OkObjectResult, writing value of type 'CoffeeStoreApi.Common.Response`1[[System.Collections.Generic.List`1[[CoffeeStoreApi.Dtos.ProudctResponseDto, CoffeeStoreApi, Version=1.0.0.0, Culture=neutral, PublicKeyToken=null]], System.Private.CoreLib, Version=8.0.0.0, Culture=neutral, PublicKeyToken=7cec85d7bea7798e]]'.
2026-09-08 17:40:38.858 +03:00 [INF] Executed action CoffeeStoreApi.Controllers.ProductsController.GetProducts (CoffeeStoreApi) in 61.5951ms
2026-09-08 17:40:38.858 +03:00 [INF] Executed endpoint 'CoffeeStoreApi.Controllers.ProductsController.GetProducts (CoffeeStoreApi)'
2026-09-08 17:40:38.858 +03:00 [INF] Request finished HTTP/1.1 GET https://localhost:7143/api/Products/GetProducts - 200 null application/json; charset=utf-8 64.0244ms
2026-09-08 17:40:39.767 +03:00 [INF] Request starting HTTP/1.1 GET https://localhost:7143/api/Products/GetProducts - null null
2026-09-08 17:40:39.769 +03:00 [INF] Executing endpoint 'CoffeeStoreApi.Controllers.ProductsController.GetProducts (CoffeeStoreApi)'
2026-09-08 17:40:39.769 +03:00 [INF] Route matched with {action = "GetProducts", controller = "Products"}. Executing controller action with signature System.Threading.Tasks.Task`1[Microsoft.AspNetCore.Mvc.IActionResult] GetProducts() on controller CoffeeStoreApi.Controllers.ProductsController (CoffeeStoreApi).
2026-09-08 17:40:39.771 +03:00 [INF] Entity Framework Core 6.0.0 initialized 'ApplicationDbContext' using provider 'Microsoft.EntityFrameworkCore.SqlServer:6.0.0' with options: None
2026-09-08 17:40:39.782 +03:00 [INF] Executed DbCommand (10ms) [Parameters=[], CommandType='"Text"', CommandTimeout='30']
SELECT [p].[Id], [p].[CategoryId], [p].[Description], [p].[Image], [p].[IsActive], [p].[Name], [p].[Price], [p].[Stock], [c].[Id], [c].[ImageUrl], [c].[Name]
FROM [Products] AS [p]
INNER JOIN [Categories] AS [c] ON [p].[CategoryId] = [c].[Id]
2026-09-08 17:40:39.791 +03:00 [INF] Executing OkObjectResult, writing value of type 'CoffeeStoreApi.Common.Response`1[[System.Collections.Generic.List`1[[CoffeeStoreApi.Dtos.ProudctResponseDto, CoffeeStoreApi, Version=1.0.0.0, Culture=neutral, PublicKeyToken=null]], System.Private.CoreLib, Version=8.0.0.0, Culture=neutral, PublicKeyToken=7cec85d7bea7798e]]'.
2026-09-08 17:40:39.793 +03:00 [INF] Executed action CoffeeStoreApi.Controllers.ProductsController.GetProducts (CoffeeStoreApi) in 23.2ms
2026-09-08 17:40:39.793 +03:00 [INF] Executed endpoint 'CoffeeStoreApi.Controllers.ProductsController.GetProducts (CoffeeStoreApi)'
2026-09-08 17:40:39.793 +03:00 [INF] Request finished HTTP/1.1 GET https://localhost:7143/api/Products/GetProducts - 200 null application/json; charset=utf-8 26.0878ms
2026-09-08 17:40:40.621 +03:00 [INF] Request starting HTTP/1.1 GET https://localhost:7143/api/Products/GetProducts - null null
2026-09-08 17:40:40.622 +03:00 [INF] Executing endpoint 'CoffeeStoreApi.Controllers.ProductsController.GetProducts (CoffeeStoreApi)'
2026-09-08 17:40:40.622 +03:00 [INF] Route matched with {action = "GetProducts", controller = "Products"}. Executing controller action with signature System.Threading.Tasks.Task`1[Microsoft.AspNetCore.Mvc.IActionResult] GetProducts() on controller CoffeeStoreApi.Controllers.ProductsController (CoffeeStoreApi).
2026-09-08 17:40:40.623 +03:00 [INF] Entity Framework Core 6.0.0 initialized 'ApplicationDbContext' using provider 'Microsoft.EntityFrameworkCore.SqlServer:6.0.0' with options: None
2026-09-08 17:40:40.653 +03:00 [INF] Executed DbCommand (7ms) [Parameters=[], CommandType='"Text"', CommandTimeout='30']
SELECT [p].[Id], [p].[CategoryId], [p].[Description], [p].[Image], [p].[IsActive], [p].[Name], [p].[Price], [p].[Stock], [c].[Id], [c].[ImageUrl], [c].[Name]
FROM [Products] AS [p]
INNER JOIN [Categories] AS [c] ON [p].[CategoryId] = [c].[Id]
2026-09-08 17:40:40.665 +03:00 [INF] Executing OkObjectResult, writing value of type 'CoffeeStoreApi.Common.Response`1[[System.Collections.Generic.List`1[[CoffeeStoreApi.Dtos.ProudctResponseDto, CoffeeStoreApi, Version=1.0.0.0, Culture=neutral, PublicKeyToken=null]], System.Private.CoreLib, Version=8.0.0.0, Culture=neutral, PublicKeyToken=7cec85d7bea7798e]]'.
2026-09-08 17:40:40.671 +03:00 [INF] Executed action CoffeeStoreApi.Controllers.ProductsController.GetProducts (CoffeeStoreApi) in 48.8583ms
2026-09-08 17:40:40.671 +03:00 [INF] Executed endpoint 'CoffeeStoreApi.Controllers.ProductsController.GetProducts (CoffeeStoreApi)'
2026-09-08 17:40:40.672 +03:00 [INF] Request finished HTTP/1.1 GET https://localhost:7143/api/Products/GetProducts - 200 null application/json; charset=utf-8 50.8955ms
2026-09-08 17:40:41.544 +03:00 [INF] Request starting HTTP/1.1 GET https://localhost:7143/api/Products/GetProducts - null null
2026-09-08 17:40:41.545 +03:00 [INF] Request finished HTTP/1.1 GET https://localhost:7143/api/Products/GetProducts - 429 null null 1.4907ms
2026-09-08 17:41:04.545 +03:00 [INF] Request starting HTTP/1.1 POST https://localhost:7143/api/Auth/register - multipart/form-data; boundary=--------------------------118785049161462034330877 651
2026-09-08 17:41:04.549 +03:00 [INF] Executing endpoint 'CoffeeStoreApi.Controllers.AuthController.Register (CoffeeStoreApi)'
2026-09-08 17:41:04.555 +03:00 [INF] Route matched with {action = "Register", controller = "Auth"}. Executing controller action with signature System.Threading.Tasks.Task`1[Microsoft.AspNetCore.Mvc.IActionResult] Register(CoffeeStoreApi.Dtos.RegisterDto) on controller CoffeeStoreApi.Controllers.AuthController (CoffeeStoreApi).
2026-09-08 17:41:04.560 +03:00 [INF] Entity Framework Core 6.0.0 initialized 'ApplicationDbContext' using provider 'Microsoft.EntityFrameworkCore.SqlServer:6.0.0' with options: None
2026-09-08 17:41:04.591 +03:00 [INF] Executed DbCommand (31ms) [Parameters=[@__normalizedEmail_0='?' (Size = 256)], CommandType='"Text"', CommandTimeout='30']
SELECT TOP(2) [a].[Id], [a].[AccessFailedCount], [a].[ConcurrencyStamp], [a].[Email], [a].[EmailConfirmed], [a].[FullName], [a].[LockoutEnabled], [a].[LockoutEnd], [a].[NormalizedEmail], [a].[NormalizedUserName], [a].[PasswordHash], [a].[PhoneNumber], [a].[PhoneNumberConfirmed], [a].[SecurityStamp], [a].[TwoFactorEnabled], [a].[UserName]
FROM [AspNetUsers] AS [a]
WHERE [a].[NormalizedEmail] = @__normalizedEmail_0
2026-09-08 17:41:04.593 +03:00 [INF] Executing BadRequestObjectResult, writing value of type 'CoffeeStoreApi.Common.Response`1[[CoffeeStoreApi.Dtos.RegisterDto, CoffeeStoreApi, Version=1.0.0.0, Culture=neutral, PublicKeyToken=null]]'.
2026-09-08 17:41:04.595 +03:00 [INF] Executed action CoffeeStoreApi.Controllers.AuthController.Register (CoffeeStoreApi) in 39.9076ms
2026-09-08 17:41:04.595 +03:00 [INF] Executed endpoint 'CoffeeStoreApi.Controllers.AuthController.Register (CoffeeStoreApi)'
2026-09-08 17:41:04.596 +03:00 [INF] Request finished HTTP/1.1 POST https://localhost:7143/api/Auth/register - 400 null application/json; charset=utf-8 50.4245ms
2026-09-08 17:41:12.129 +03:00 [INF] Request starting HTTP/1.1 POST https://localhost:7143/api/Auth/register - multipart/form-data; boundary=--------------------------662772511895832549890929 652
2026-09-08 17:41:12.129 +03:00 [INF] Executing endpoint 'CoffeeStoreApi.Controllers.AuthController.Register (CoffeeStoreApi)'
2026-09-08 17:41:12.129 +03:00 [INF] Route matched with {action = "Register", controller = "Auth"}. Executing controller action with signature System.Threading.Tasks.Task`1[Microsoft.AspNetCore.Mvc.IActionResult] Register(CoffeeStoreApi.Dtos.RegisterDto) on controller CoffeeStoreApi.Controllers.AuthController (CoffeeStoreApi).
2026-09-08 17:41:12.148 +03:00 [INF] Entity Framework Core 6.0.0 initialized 'ApplicationDbContext' using provider 'Microsoft.EntityFrameworkCore.SqlServer:6.0.0' with options: None
2026-09-08 17:41:12.255 +03:00 [INF] Executed DbCommand (56ms) [Parameters=[@__normalizedEmail_0='?' (Size = 256)], CommandType='"Text"', CommandTimeout='30']
SELECT TOP(2) [a].[Id], [a].[AccessFailedCount], [a].[ConcurrencyStamp], [a].[Email], [a].[EmailConfirmed], [a].[FullName], [a].[LockoutEnabled], [a].[LockoutEnd], [a].[NormalizedEmail], [a].[NormalizedUserName], [a].[PasswordHash], [a].[PhoneNumber], [a].[PhoneNumberConfirmed], [a].[SecurityStamp], [a].[TwoFactorEnabled], [a].[UserName]
FROM [AspNetUsers] AS [a]
WHERE [a].[NormalizedEmail] = @__normalizedEmail_0
2026-09-08 17:41:12.321 +03:00 [INF] Executed DbCommand (3ms) [Parameters=[@__normalizedUserName_0='?' (Size = 256)], CommandType='"Text"', CommandTimeout='30']
SELECT TOP(1) [a].[Id], [a].[AccessFailedCount], [a].[ConcurrencyStamp], [a].[Email], [a].[EmailConfirmed], [a].[FullName], [a].[LockoutEnabled], [a].[LockoutEnd], [a].[NormalizedEmail], [a].[NormalizedUserName], [a].[PasswordHash], [a].[PhoneNumber], [a].[PhoneNumberConfirmed], [a].[SecurityStamp], [a].[TwoFactorEnabled], [a].[UserName]
FROM [AspNetUsers] AS [a]
WHERE [a].[NormalizedUserName] = @__normalizedUserName_0
2026-09-08 17:41:12.323 +03:00 [INF] Executing BadRequestObjectResult, writing value of type 'CoffeeStoreApi.Common.Response`1[[CoffeeStoreApi.Dtos.RegisterDto, CoffeeStoreApi, Version=1.0.0.0, Culture=neutral, PublicKeyToken=null]]'.
2026-09-08 17:41:12.323 +03:00 [INF] Executed action CoffeeStoreApi.Controllers.AuthController.Register (CoffeeStoreApi) in 193.5876ms
2026-09-08 17:41:12.323 +03:00 [INF] Executed endpoint 'CoffeeStoreApi.Controllers.AuthController.Register (CoffeeStoreApi)'
2026-09-08 17:41:12.323 +03:00 [INF] Request finished HTTP/1.1 POST https://localhost:7143/api/Auth/register - 400 null application/json; charset=utf-8 194.3709ms
2026-09-08 17:41:20.865 +03:00 [INF] Request starting HTTP/1.1 POST https://localhost:7143/api/Auth/register - multipart/form-data; boundary=--------------------------832302773640037613221169 660
2026-09-08 17:41:20.866 +03:00 [INF] Executing endpoint 'CoffeeStoreApi.Controllers.AuthController.Register (CoffeeStoreApi)'
2026-09-08 17:41:20.866 +03:00 [INF] Route matched with {action = "Register", controller = "Auth"}. Executing controller action with signature System.Threading.Tasks.Task`1[Microsoft.AspNetCore.Mvc.IActionResult] Register(CoffeeStoreApi.Dtos.RegisterDto) on controller CoffeeStoreApi.Controllers.AuthController (CoffeeStoreApi).
2026-09-08 17:41:20.868 +03:00 [INF] Entity Framework Core 6.0.0 initialized 'ApplicationDbContext' using provider 'Microsoft.EntityFrameworkCore.SqlServer:6.0.0' with options: None
2026-09-08 17:41:20.880 +03:00 [INF] Executed DbCommand (11ms) [Parameters=[@__normalizedEmail_0='?' (Size = 256)], CommandType='"Text"', CommandTimeout='30']
SELECT TOP(2) [a].[Id], [a].[AccessFailedCount], [a].[ConcurrencyStamp], [a].[Email], [a].[EmailConfirmed], [a].[FullName], [a].[LockoutEnabled], [a].[LockoutEnd], [a].[NormalizedEmail], [a].[NormalizedUserName], [a].[PasswordHash], [a].[PhoneNumber], [a].[PhoneNumberConfirmed], [a].[SecurityStamp], [a].[TwoFactorEnabled], [a].[UserName]
FROM [AspNetUsers] AS [a]
WHERE [a].[NormalizedEmail] = @__normalizedEmail_0
2026-09-08 17:41:20.938 +03:00 [INF] Executed DbCommand (3ms) [Parameters=[@__normalizedUserName_0='?' (Size = 256)], CommandType='"Text"', CommandTimeout='30']
SELECT TOP(1) [a].[Id], [a].[AccessFailedCount], [a].[ConcurrencyStamp], [a].[Email], [a].[EmailConfirmed], [a].[FullName], [a].[LockoutEnabled], [a].[LockoutEnd], [a].[NormalizedEmail], [a].[NormalizedUserName], [a].[PasswordHash], [a].[PhoneNumber], [a].[PhoneNumberConfirmed], [a].[SecurityStamp], [a].[TwoFactorEnabled], [a].[UserName]
FROM [AspNetUsers] AS [a]
WHERE [a].[NormalizedUserName] = @__normalizedUserName_0
2026-09-08 17:41:20.945 +03:00 [INF] Executed DbCommand (2ms) [Parameters=[@p0='?' (Size = 450), @p1='?' (DbType = Int32), @p2='?' (Size = 4000), @p3='?' (Size = 256), @p4='?' (DbType = Boolean), @p5='?' (Size = 4000), @p6='?' (DbType = Boolean), @p7='?' (DbType = DateTimeOffset), @p8='?' (Size = 256), @p9='?' (Size = 256), @p10='?' (Size = 4000), @p11='?' (Size = 4000), @p12='?' (DbType = Boolean), @p13='?' (Size = 4000), @p14='?' (DbType = Boolean), @p15='?' (Size = 256)], CommandType='"Text"', CommandTimeout='30']
SET NOCOUNT ON;
INSERT INTO [AspNetUsers] ([Id], [AccessFailedCount], [ConcurrencyStamp], [Email], [EmailConfirmed], [FullName], [LockoutEnabled], [LockoutEnd], [NormalizedEmail], [NormalizedUserName], [PasswordHash], [PhoneNumber], [PhoneNumberConfirmed], [SecurityStamp], [TwoFactorEnabled], [UserName])
VALUES (@p0, @p1, @p2, @p3, @p4, @p5, @p6, @p7, @p8, @p9, @p10, @p11, @p12, @p13, @p14, @p15);
2026-09-08 17:41:20.952 +03:00 [INF] Executed DbCommand (1ms) [Parameters=[@__normalizedName_0='?' (Size = 256)], CommandType='"Text"', CommandTimeout='30']
SELECT TOP(1) [a].[Id], [a].[ConcurrencyStamp], [a].[Name], [a].[NormalizedName]
FROM [AspNetRoles] AS [a]
WHERE [a].[NormalizedName] = @__normalizedName_0
2026-09-08 17:41:20.959 +03:00 [INF] Executed DbCommand (2ms) [Parameters=[@__normalizedRoleName_0='?' (Size = 256)], CommandType='"Text"', CommandTimeout='30']
SELECT TOP(2) [a].[Id], [a].[ConcurrencyStamp], [a].[Name], [a].[NormalizedName]
FROM [AspNetRoles] AS [a]
WHERE [a].[NormalizedName] = @__normalizedRoleName_0
2026-09-08 17:41:20.969 +03:00 [INF] Executed DbCommand (3ms) [Parameters=[@__p_0='?' (Size = 450), @__p_1='?' (Size = 450)], CommandType='"Text"', CommandTimeout='30']
SELECT TOP(1) [a].[UserId], [a].[RoleId]
FROM [AspNetUserRoles] AS [a]
WHERE ([a].[UserId] = @__p_0) AND ([a].[RoleId] = @__p_1)
2026-09-08 17:41:20.973 +03:00 [INF] Executed DbCommand (2ms) [Parameters=[@__normalizedRoleName_0='?' (Size = 256)], CommandType='"Text"', CommandTimeout='30']
SELECT TOP(2) [a].[Id], [a].[ConcurrencyStamp], [a].[Name], [a].[NormalizedName]
FROM [AspNetRoles] AS [a]
WHERE [a].[NormalizedName] = @__normalizedRoleName_0
2026-09-08 17:41:20.978 +03:00 [INF] Executed DbCommand (2ms) [Parameters=[@__normalizedUserName_0='?' (Size = 256)], CommandType='"Text"', CommandTimeout='30']
SELECT TOP(1) [a].[Id], [a].[AccessFailedCount], [a].[ConcurrencyStamp], [a].[Email], [a].[EmailConfirmed], [a].[FullName], [a].[LockoutEnabled], [a].[LockoutEnd], [a].[NormalizedEmail], [a].[NormalizedUserName], [a].[PasswordHash], [a].[PhoneNumber], [a].[PhoneNumberConfirmed], [a].[SecurityStamp], [a].[TwoFactorEnabled], [a].[UserName]
FROM [AspNetUsers] AS [a]
WHERE [a].[NormalizedUserName] = @__normalizedUserName_0
2026-09-08 17:41:20.982 +03:00 [INF] Executed DbCommand (2ms) [Parameters=[@p0='?' (Size = 450), @p1='?' (Size = 450)], CommandType='"Text"', CommandTimeout='30']
SET NOCOUNT ON;
INSERT INTO [AspNetUserRoles] ([RoleId], [UserId])
VALUES (@p0, @p1);
2026-09-08 17:41:20.985 +03:00 [INF] Executed DbCommand (3ms) [Parameters=[@p15='?' (Size = 450), @p0='?' (DbType = Int32), @p1='?' (Size = 4000), @p16='?' (Size = 4000), @p2='?' (Size = 256), @p3='?' (DbType = Boolean), @p4='?' (Size = 4000), @p5='?' (DbType = Boolean), @p6='?' (DbType = DateTimeOffset), @p7='?' (Size = 256), @p8='?' (Size = 256), @p9='?' (Size = 4000), @p10='?' (Size = 4000), @p11='?' (DbType = Boolean), @p12='?' (Size = 4000), @p13='?' (DbType = Boolean), @p14='?' (Size = 256)], CommandType='"Text"', CommandTimeout='30']
SET NOCOUNT ON;
UPDATE [AspNetUsers] SET [AccessFailedCount] = @p0, [ConcurrencyStamp] = @p1, [Email] = @p2, [EmailConfirmed] = @p3, [FullName] = @p4, [LockoutEnabled] = @p5, [LockoutEnd] = @p6, [NormalizedEmail] = @p7, [NormalizedUserName] = @p8, [PasswordHash] = @p9, [PhoneNumber] = @p10, [PhoneNumberConfirmed] = @p11, [SecurityStamp] = @p12, [TwoFactorEnabled] = @p13, [UserName] = @p14
WHERE [Id] = @p15 AND [ConcurrencyStamp] = @p16;
SELECT @@ROWCOUNT;
2026-09-08 17:41:20.988 +03:00 [INF] Executing OkObjectResult, writing value of type 'CoffeeStoreApi.Common.Response`1[[CoffeeStoreApi.Dtos.RegisterDto, CoffeeStoreApi, Version=1.0.0.0, Culture=neutral, PublicKeyToken=null]]'.
2026-09-08 17:41:20.989 +03:00 [INF] Executed action CoffeeStoreApi.Controllers.AuthController.Register (CoffeeStoreApi) in 122.7877ms
2026-09-08 17:41:20.989 +03:00 [INF] Executed endpoint 'CoffeeStoreApi.Controllers.AuthController.Register (CoffeeStoreApi)'
2026-09-08 17:41:20.989 +03:00 [INF] Request finished HTTP/1.1 POST https://localhost:7143/api/Auth/register - 200 null application/json; charset=utf-8 123.536ms
2026-09-08 17:41:53.894 +03:00 [INF] Request starting HTTP/1.1 GET https://localhost:7143/api/Products/GetProducts - null null
2026-09-08 17:41:53.897 +03:00 [INF] Authorization failed. These requirements were not met:
ClaimsAuthorizationRequirement:Claim.Type=Permission and Claim.Value is one of the following values: (product:get)
2026-09-08 17:41:53.898 +03:00 [INF] AuthenticationScheme: Bearer was challenged.
2026-09-08 17:41:53.898 +03:00 [INF] Request finished HTTP/1.1 GET https://localhost:7143/api/Products/GetProducts - 401 null application/json 3.9083ms
2026-09-08 17:42:01.126 +03:00 [INF] Request starting HTTP/1.1 GET https://localhost:7143/api/Products/GetProducts33 - null null
2026-09-08 17:42:01.127 +03:00 [INF] Executing endpoint '405 HTTP Method Not Supported'
2026-09-08 17:42:01.127 +03:00 [INF] Executed endpoint '405 HTTP Method Not Supported'
2026-09-08 17:42:01.128 +03:00 [INF] Request finished HTTP/1.1 GET https://localhost:7143/api/Products/GetProducts33 - 405 0 null 1.8003ms
2026-09-08 17:42:07.228 +03:00 [INF] Request starting HTTP/1.1 GET https://localhost:7143/api/Product2s/GetProducts - null null
2026-09-08 17:42:07.229 +03:00 [INF] Request finished HTTP/1.1 GET https://localhost:7143/api/Product2s/GetProducts - 404 0 null 0.95ms
2026-09-08 17:42:07.230 +03:00 [INF] Request reached the end of the middleware pipeline without being handled by application code. Request path: GET https://localhost:7143/api/Product2s/GetProducts, Response status code: 404
2026-09-08 17:42:09.726 +03:00 [INF] Request starting HTTP/1.1 GET https://localhost:7143/api/Products/GetProducts - null null
2026-09-08 17:42:09.727 +03:00 [INF] Authorization failed. These requirements were not met:
ClaimsAuthorizationRequirement:Claim.Type=Permission and Claim.Value is one of the following values: (product:get)
2026-09-08 17:42:09.727 +03:00 [INF] AuthenticationScheme: Bearer was challenged.
2026-09-08 17:42:09.727 +03:00 [INF] Request finished HTTP/1.1 GET https://localhost:7143/api/Products/GetProducts - 401 null application/json 0.711ms
2026-09-08 17:42:22.976 +03:00 [INF] Request starting HTTP/1.1 DELETE https://localhost:7143/api/Products/333 - null null
2026-09-08 17:42:22.978 +03:00 [INF] Failed to validate the token.
Microsoft.IdentityModel.Tokens.SecurityTokenExpiredException: IDX10223: Lifetime validation failed. The token is expired. ValidTo: 'System.DateTime', Current time: 'System.DateTime'.
   at Microsoft.IdentityModel.Tokens.Validators.ValidateLifetime(Nullable`1 notBefore, Nullable`1 expires, SecurityToken securityToken, TokenValidationParameters validationParameters)
   at System.IdentityModel.Tokens.Jwt.JwtSecurityTokenHandler.ValidateLifetime(Nullable`1 notBefore, Nullable`1 expires, JwtSecurityToken jwtToken, TokenValidationParameters validationParameters)
   at System.IdentityModel.Tokens.Jwt.JwtSecurityTokenHandler.ValidateTokenPayload(JwtSecurityToken jwtToken, TokenValidationParameters validationParameters)
   at System.IdentityModel.Tokens.Jwt.JwtSecurityTokenHandler.ValidateToken(String token, TokenValidationParameters validationParameters, SecurityToken& validatedToken)
   at Microsoft.AspNetCore.Authentication.JwtBearer.JwtBearerHandler.HandleAuthenticateAsync()
2026-09-08 17:42:22.978 +03:00 [INF] Bearer was not authenticated. Failure message: IDX10223: Lifetime validation failed. The token is expired. ValidTo: 'System.DateTime', Current time: 'System.DateTime'.
2026-09-08 17:42:22.979 +03:00 [INF] Authorization failed. These requirements were not met:
ClaimsAuthorizationRequirement:Claim.Type=Permission and Claim.Value is one of the following values: (product:remove)
2026-09-08 17:42:22.979 +03:00 [INF] AuthenticationScheme: Bearer was challenged.
2026-09-08 17:42:22.979 +03:00 [INF] Request finished HTTP/1.1 DELETE https://localhost:7143/api/Products/333 - 401 null application/json 2.9822ms
2026-09-08 17:42:33.562 +03:00 [INF] Request starting HTTP/1.1 POST https://localhost:7143/api/Auth/login - multipart/form-data; boundary=--------------------------515312460763618044907025 304
2026-09-08 17:42:33.562 +03:00 [INF] Request finished HTTP/1.1 POST https://localhost:7143/api/Auth/login - 429 null null 0.5922ms
2026-09-08 17:42:35.194 +03:00 [INF] Request starting HTTP/1.1 POST https://localhost:7143/api/Auth/login - multipart/form-data; boundary=--------------------------515312460763618044907025 304
2026-09-08 17:42:35.195 +03:00 [INF] Request finished HTTP/1.1 POST https://localhost:7143/api/Auth/login - 429 null null 1.061ms
2026-09-08 17:43:33.599 +03:00 [INF] User profile is available. Using '/Users/terminal/.aspnet/DataProtection-Keys' as key repository; keys will not be encrypted at rest.
2026-09-08 17:43:33.916 +03:00 [WRN] No store type was specified for the decimal property 'Amount' on entity type 'Payment'. This will cause values to be silently truncated if they do not fit in the default precision and scale. Explicitly specify the SQL server column type that can accommodate all the values in 'OnModelCreating' using 'HasColumnType', specify precision and scale using 'HasPrecision', or configure a value converter using 'HasConversion'.
2026-09-08 17:43:33.987 +03:00 [INF] Entity Framework Core 6.0.0 initialized 'ApplicationDbContext' using provider 'Microsoft.EntityFrameworkCore.SqlServer:6.0.0' with options: None
2026-09-08 17:43:34.317 +03:00 [INF] Executed DbCommand (26ms) [Parameters=[@__normalizedName_0='?' (Size = 256)], CommandType='"Text"', CommandTimeout='30']
SELECT TOP(1) [a].[Id], [a].[ConcurrencyStamp], [a].[Name], [a].[NormalizedName]
FROM [AspNetRoles] AS [a]
WHERE [a].[NormalizedName] = @__normalizedName_0
2026-09-08 17:43:34.356 +03:00 [INF] Executed DbCommand (3ms) [Parameters=[@__normalizedName_0='?' (Size = 256)], CommandType='"Text"', CommandTimeout='30']
SELECT TOP(1) [a].[Id], [a].[ConcurrencyStamp], [a].[Name], [a].[NormalizedName]
FROM [AspNetRoles] AS [a]
WHERE [a].[NormalizedName] = @__normalizedName_0
2026-09-08 17:43:34.359 +03:00 [INF] Executed DbCommand (2ms) [Parameters=[@__normalizedName_0='?' (Size = 256)], CommandType='"Text"', CommandTimeout='30']
SELECT TOP(1) [a].[Id], [a].[ConcurrencyStamp], [a].[Name], [a].[NormalizedName]
FROM [AspNetRoles] AS [a]
WHERE [a].[NormalizedName] = @__normalizedName_0
2026-09-08 17:43:34.380 +03:00 [INF] Executed DbCommand (3ms) [Parameters=[@__role_Id_0='?' (Size = 450)], CommandType='"Text"', CommandTimeout='30']
SELECT [a].[ClaimType], [a].[ClaimValue]
FROM [AspNetRoleClaims] AS [a]
WHERE [a].[RoleId] = @__role_Id_0
2026-09-08 17:43:34.452 +03:00 [INF] Executed DbCommand (49ms) [Parameters=[@__normalizedName_0='?' (Size = 256)], CommandType='"Text"', CommandTimeout='30']
SELECT TOP(1) [a].[Id], [a].[ConcurrencyStamp], [a].[Name], [a].[NormalizedName]
FROM [AspNetRoles] AS [a]
WHERE [a].[NormalizedName] = @__normalizedName_0
2026-09-08 17:43:34.501 +03:00 [INF] Executed DbCommand (48ms) [Parameters=[@__role_Id_0='?' (Size = 450)], CommandType='"Text"', CommandTimeout='30']
SELECT [a].[ClaimType], [a].[ClaimValue]
FROM [AspNetRoleClaims] AS [a]
WHERE [a].[RoleId] = @__role_Id_0
2026-09-08 17:43:34.510 +03:00 [INF] Executed DbCommand (3ms) [Parameters=[@__normalizedEmail_0='?' (Size = 256)], CommandType='"Text"', CommandTimeout='30']
SELECT TOP(2) [a].[Id], [a].[AccessFailedCount], [a].[ConcurrencyStamp], [a].[Email], [a].[EmailConfirmed], [a].[FullName], [a].[LockoutEnabled], [a].[LockoutEnd], [a].[NormalizedEmail], [a].[NormalizedUserName], [a].[PasswordHash], [a].[PhoneNumber], [a].[PhoneNumberConfirmed], [a].[SecurityStamp], [a].[TwoFactorEnabled], [a].[UserName]
FROM [AspNetUsers] AS [a]
WHERE [a].[NormalizedEmail] = @__normalizedEmail_0
2026-09-08 17:43:34.783 +03:00 [INF] Now listening on: https://localhost:7143
2026-09-08 17:43:34.783 +03:00 [INF] Now listening on: http://localhost:5042
2026-09-08 17:43:34.785 +03:00 [INF] Application started. Press Ctrl+C to shut down.
2026-09-08 17:43:34.785 +03:00 [INF] Hosting environment: Development
2026-09-08 17:43:34.785 +03:00 [INF] Content root path: /Users/terminal/Projects/SoreApi-main/CoffeeStoreApi
2026-09-08 17:43:35.976 +03:00 [INF] Request starting HTTP/2 GET https://localhost:7143/swagger/index.html - null null
2026-09-08 17:43:36.038 +03:00 [INF] Request finished HTTP/2 GET https://localhost:7143/swagger/index.html - 200 null text/html;charset=utf-8 63.3188ms
2026-09-08 17:43:36.098 +03:00 [INF] Request starting HTTP/2 GET https://localhost:7143/swagger/v1/swagger.json - null null
2026-09-08 17:43:36.159 +03:00 [INF] Request finished HTTP/2 GET https://localhost:7143/swagger/v1/swagger.json - 200 null application/json;charset=utf-8 61.0823ms
2026-09-08 17:44:02.313 +03:00 [INF] Request starting HTTP/1.1 POST https://localhost:7143/api/Auth/register - multipart/form-data; boundary=--------------------------911552316715433643490029 537
2026-09-08 17:44:02.346 +03:00 [INF] Executing endpoint 'CoffeeStoreApi.Controllers.AuthController.Register (CoffeeStoreApi)'
2026-09-08 17:44:02.356 +03:00 [INF] Route matched with {action = "Register", controller = "Auth"}. Executing controller action with signature System.Threading.Tasks.Task`1[Microsoft.AspNetCore.Mvc.IActionResult] Register(CoffeeStoreApi.Dtos.RegisterDto) on controller CoffeeStoreApi.Controllers.AuthController (CoffeeStoreApi).
2026-09-08 17:44:02.411 +03:00 [INF] Entity Framework Core 6.0.0 initialized 'ApplicationDbContext' using provider 'Microsoft.EntityFrameworkCore.SqlServer:6.0.0' with options: None
2026-09-08 17:44:02.440 +03:00 [INF] Executed DbCommand (3ms) [Parameters=[@__normalizedEmail_0='?' (Size = 256)], CommandType='"Text"', CommandTimeout='30']
SELECT TOP(2) [a].[Id], [a].[AccessFailedCount], [a].[ConcurrencyStamp], [a].[Email], [a].[EmailConfirmed], [a].[FullName], [a].[LockoutEnabled], [a].[LockoutEnd], [a].[NormalizedEmail], [a].[NormalizedUserName], [a].[PasswordHash], [a].[PhoneNumber], [a].[PhoneNumberConfirmed], [a].[SecurityStamp], [a].[TwoFactorEnabled], [a].[UserName]
FROM [AspNetUsers] AS [a]
WHERE [a].[NormalizedEmail] = @__normalizedEmail_0
2026-09-08 17:44:02.506 +03:00 [INF] Executed DbCommand (3ms) [Parameters=[@__normalizedUserName_0='?' (Size = 256)], CommandType='"Text"', CommandTimeout='30']
SELECT TOP(1) [a].[Id], [a].[AccessFailedCount], [a].[ConcurrencyStamp], [a].[Email], [a].[EmailConfirmed], [a].[FullName], [a].[LockoutEnabled], [a].[LockoutEnd], [a].[NormalizedEmail], [a].[NormalizedUserName], [a].[PasswordHash], [a].[PhoneNumber], [a].[PhoneNumberConfirmed], [a].[SecurityStamp], [a].[TwoFactorEnabled], [a].[UserName]
FROM [AspNetUsers] AS [a]
WHERE [a].[NormalizedUserName] = @__normalizedUserName_0
2026-09-08 17:44:02.566 +03:00 [INF] Executed DbCommand (4ms) [Parameters=[@p0='?' (Size = 450), @p1='?' (DbType = Int32), @p2='?' (Size = 4000), @p3='?' (Size = 256), @p4='?' (DbType = Boolean), @p5='?' (Size = 4000), @p6='?' (DbType = Boolean), @p7='?' (DbType = DateTimeOffset), @p8='?' (Size = 256), @p9='?' (Size = 256), @p10='?' (Size = 4000), @p11='?' (Size = 4000), @p12='?' (DbType = Boolean), @p13='?' (Size = 4000), @p14='?' (DbType = Boolean), @p15='?' (Size = 256)], CommandType='"Text"', CommandTimeout='30']
SET NOCOUNT ON;
INSERT INTO [AspNetUsers] ([Id], [AccessFailedCount], [ConcurrencyStamp], [Email], [EmailConfirmed], [FullName], [LockoutEnabled], [LockoutEnd], [NormalizedEmail], [NormalizedUserName], [PasswordHash], [PhoneNumber], [PhoneNumberConfirmed], [SecurityStamp], [TwoFactorEnabled], [UserName])
VALUES (@p0, @p1, @p2, @p3, @p4, @p5, @p6, @p7, @p8, @p9, @p10, @p11, @p12, @p13, @p14, @p15);
2026-09-08 17:44:02.583 +03:00 [INF] Executed DbCommand (3ms) [Parameters=[@__normalizedName_0='?' (Size = 256)], CommandType='"Text"', CommandTimeout='30']
SELECT TOP(1) [a].[Id], [a].[ConcurrencyStamp], [a].[Name], [a].[NormalizedName]
FROM [AspNetRoles] AS [a]
WHERE [a].[NormalizedName] = @__normalizedName_0
2026-09-08 17:44:02.609 +03:00 [INF] Executed DbCommand (24ms) [Parameters=[@__normalizedName_0='?' (Size = 256)], CommandType='"Text"', CommandTimeout='30']
SELECT TOP(1) [a].[Id], [a].[ConcurrencyStamp], [a].[Name], [a].[NormalizedName]
FROM [AspNetRoles] AS [a]
WHERE [a].[NormalizedName] = @__normalizedName_0
2026-09-08 17:44:02.624 +03:00 [INF] Executed DbCommand (7ms) [Parameters=[@p0='?' (Size = 450), @p1='?' (Size = 4000), @p2='?' (Size = 256), @p3='?' (Size = 256)], CommandType='"Text"', CommandTimeout='30']
SET NOCOUNT ON;
INSERT INTO [AspNetRoles] ([Id], [ConcurrencyStamp], [Name], [NormalizedName])
VALUES (@p0, @p1, @p2, @p3);
2026-09-08 17:44:02.634 +03:00 [INF] Executed DbCommand (3ms) [Parameters=[@__normalizedRoleName_0='?' (Size = 256)], CommandType='"Text"', CommandTimeout='30']
SELECT TOP(2) [a].[Id], [a].[ConcurrencyStamp], [a].[Name], [a].[NormalizedName]
FROM [AspNetRoles] AS [a]
WHERE [a].[NormalizedName] = @__normalizedRoleName_0
2026-09-08 17:44:02.644 +03:00 [INF] Executed DbCommand (2ms) [Parameters=[@__p_0='?' (Size = 450), @__p_1='?' (Size = 450)], CommandType='"Text"', CommandTimeout='30']
SELECT TOP(1) [a].[UserId], [a].[RoleId]
FROM [AspNetUserRoles] AS [a]
WHERE ([a].[UserId] = @__p_0) AND ([a].[RoleId] = @__p_1)
2026-09-08 17:44:02.648 +03:00 [INF] Executed DbCommand (2ms) [Parameters=[@__normalizedRoleName_0='?' (Size = 256)], CommandType='"Text"', CommandTimeout='30']
SELECT TOP(2) [a].[Id], [a].[ConcurrencyStamp], [a].[Name], [a].[NormalizedName]
FROM [AspNetRoles] AS [a]
WHERE [a].[NormalizedName] = @__normalizedRoleName_0
2026-09-08 17:44:02.658 +03:00 [INF] Executed DbCommand (3ms) [Parameters=[@__normalizedUserName_0='?' (Size = 256)], CommandType='"Text"', CommandTimeout='30']
SELECT TOP(1) [a].[Id], [a].[AccessFailedCount], [a].[ConcurrencyStamp], [a].[Email], [a].[EmailConfirmed], [a].[FullName], [a].[LockoutEnabled], [a].[LockoutEnd], [a].[NormalizedEmail], [a].[NormalizedUserName], [a].[PasswordHash], [a].[PhoneNumber], [a].[PhoneNumberConfirmed], [a].[SecurityStamp], [a].[TwoFactorEnabled], [a].[UserName]
FROM [AspNetUsers] AS [a]
WHERE [a].[NormalizedUserName] = @__normalizedUserName_0
2026-09-08 17:44:02.669 +03:00 [INF] Executed DbCommand (4ms) [Parameters=[@p0='?' (Size = 450), @p1='?' (Size = 450)], CommandType='"Text"', CommandTimeout='30']
SET NOCOUNT ON;
INSERT INTO [AspNetUserRoles] ([RoleId], [UserId])
VALUES (@p0, @p1);
2026-09-08 17:44:02.673 +03:00 [INF] Executed DbCommand (2ms) [Parameters=[@p15='?' (Size = 450), @p0='?' (DbType = Int32), @p1='?' (Size = 4000), @p16='?' (Size = 4000), @p2='?' (Size = 256), @p3='?' (DbType = Boolean), @p4='?' (Size = 4000), @p5='?' (DbType = Boolean), @p6='?' (DbType = DateTimeOffset), @p7='?' (Size = 256), @p8='?' (Size = 256), @p9='?' (Size = 4000), @p10='?' (Size = 4000), @p11='?' (DbType = Boolean), @p12='?' (Size = 4000), @p13='?' (DbType = Boolean), @p14='?' (Size = 256)], CommandType='"Text"', CommandTimeout='30']
SET NOCOUNT ON;
UPDATE [AspNetUsers] SET [AccessFailedCount] = @p0, [ConcurrencyStamp] = @p1, [Email] = @p2, [EmailConfirmed] = @p3, [FullName] = @p4, [LockoutEnabled] = @p5, [LockoutEnd] = @p6, [NormalizedEmail] = @p7, [NormalizedUserName] = @p8, [PasswordHash] = @p9, [PhoneNumber] = @p10, [PhoneNumberConfirmed] = @p11, [SecurityStamp] = @p12, [TwoFactorEnabled] = @p13, [UserName] = @p14
WHERE [Id] = @p15 AND [ConcurrencyStamp] = @p16;
SELECT @@ROWCOUNT;
2026-09-08 17:44:02.681 +03:00 [INF] Executing OkObjectResult, writing value of type 'CoffeeStoreApi.Common.Response`1[[CoffeeStoreApi.Dtos.RegisterDto, CoffeeStoreApi, Version=1.0.0.0, Culture=neutral, PublicKeyToken=null]]'.
2026-09-08 17:44:02.686 +03:00 [INF] Executed action CoffeeStoreApi.Controllers.AuthController.Register (CoffeeStoreApi) in 328.4105ms
2026-09-08 17:44:02.686 +03:00 [INF] Executed endpoint 'CoffeeStoreApi.Controllers.AuthController.Register (CoffeeStoreApi)'
2026-09-08 17:44:02.688 +03:00 [INF] Request finished HTTP/1.1 POST https://localhost:7143/api/Auth/register - 200 null application/json; charset=utf-8 375.1713ms
2026-09-08 17:44:23.860 +03:00 [INF] User profile is available. Using '/Users/terminal/.aspnet/DataProtection-Keys' as key repository; keys will not be encrypted at rest.
2026-09-08 17:44:24.191 +03:00 [WRN] No store type was specified for the decimal property 'Amount' on entity type 'Payment'. This will cause values to be silently truncated if they do not fit in the default precision and scale. Explicitly specify the SQL server column type that can accommodate all the values in 'OnModelCreating' using 'HasColumnType', specify precision and scale using 'HasPrecision', or configure a value converter using 'HasConversion'.
2026-09-08 17:44:24.254 +03:00 [INF] Entity Framework Core 6.0.0 initialized 'ApplicationDbContext' using provider 'Microsoft.EntityFrameworkCore.SqlServer:6.0.0' with options: None
2026-09-08 17:44:24.586 +03:00 [INF] Executed DbCommand (25ms) [Parameters=[@__normalizedName_0='?' (Size = 256)], CommandType='"Text"', CommandTimeout='30']
SELECT TOP(1) [a].[Id], [a].[ConcurrencyStamp], [a].[Name], [a].[NormalizedName]
FROM [AspNetRoles] AS [a]
WHERE [a].[NormalizedName] = @__normalizedName_0
2026-09-08 17:44:24.627 +03:00 [INF] Executed DbCommand (3ms) [Parameters=[@__normalizedName_0='?' (Size = 256)], CommandType='"Text"', CommandTimeout='30']
SELECT TOP(1) [a].[Id], [a].[ConcurrencyStamp], [a].[Name], [a].[NormalizedName]
FROM [AspNetRoles] AS [a]
WHERE [a].[NormalizedName] = @__normalizedName_0
2026-09-08 17:44:24.705 +03:00 [INF] Executed DbCommand (76ms) [Parameters=[@__normalizedName_0='?' (Size = 256)], CommandType='"Text"', CommandTimeout='30']
SELECT TOP(1) [a].[Id], [a].[ConcurrencyStamp], [a].[Name], [a].[NormalizedName]
FROM [AspNetRoles] AS [a]
WHERE [a].[NormalizedName] = @__normalizedName_0
2026-09-08 17:44:24.726 +03:00 [INF] Executed DbCommand (2ms) [Parameters=[@__role_Id_0='?' (Size = 450)], CommandType='"Text"', CommandTimeout='30']
SELECT [a].[ClaimType], [a].[ClaimValue]
FROM [AspNetRoleClaims] AS [a]
WHERE [a].[RoleId] = @__role_Id_0
2026-09-08 17:44:24.730 +03:00 [INF] Executed DbCommand (3ms) [Parameters=[@__normalizedName_0='?' (Size = 256)], CommandType='"Text"', CommandTimeout='30']
SELECT TOP(1) [a].[Id], [a].[ConcurrencyStamp], [a].[Name], [a].[NormalizedName]
FROM [AspNetRoles] AS [a]
WHERE [a].[NormalizedName] = @__normalizedName_0
2026-09-08 17:44:24.755 +03:00 [INF] Executed DbCommand (25ms) [Parameters=[@__role_Id_0='?' (Size = 450)], CommandType='"Text"', CommandTimeout='30']
SELECT [a].[ClaimType], [a].[ClaimValue]
FROM [AspNetRoleClaims] AS [a]
WHERE [a].[RoleId] = @__role_Id_0
2026-09-08 17:44:24.764 +03:00 [INF] Executed DbCommand (3ms) [Parameters=[@__normalizedEmail_0='?' (Size = 256)], CommandType='"Text"', CommandTimeout='30']
SELECT TOP(2) [a].[Id], [a].[AccessFailedCount], [a].[ConcurrencyStamp], [a].[Email], [a].[EmailConfirmed], [a].[FullName], [a].[LockoutEnabled], [a].[LockoutEnd], [a].[NormalizedEmail], [a].[NormalizedUserName], [a].[PasswordHash], [a].[PhoneNumber], [a].[PhoneNumberConfirmed], [a].[SecurityStamp], [a].[TwoFactorEnabled], [a].[UserName]
FROM [AspNetUsers] AS [a]
WHERE [a].[NormalizedEmail] = @__normalizedEmail_0
2026-09-08 17:44:25.026 +03:00 [INF] Now listening on: https://localhost:7143
2026-09-08 17:44:25.027 +03:00 [INF] Now listening on: http://localhost:5042
2026-09-08 17:44:25.028 +03:00 [INF] Application started. Press Ctrl+C to shut down.
2026-09-08 17:44:25.028 +03:00 [INF] Hosting environment: Development
2026-09-08 17:44:25.028 +03:00 [INF] Content root path: /Users/terminal/Projects/SoreApi-main/CoffeeStoreApi
2026-09-08 17:44:26.197 +03:00 [INF] Request starting HTTP/2 GET https://localhost:7143/swagger/index.html - null null
2026-09-08 17:44:26.268 +03:00 [INF] Request finished HTTP/2 GET https://localhost:7143/swagger/index.html - 200 null text/html;charset=utf-8 71.624ms
2026-09-08 17:44:26.354 +03:00 [INF] Request starting HTTP/2 GET https://localhost:7143/swagger/v1/swagger.json - null null
2026-09-08 17:44:26.419 +03:00 [INF] Request finished HTTP/2 GET https://localhost:7143/swagger/v1/swagger.json - 200 null application/json;charset=utf-8 64.8876ms
2026-09-08 17:44:31.956 +03:00 [INF] Request starting HTTP/1.1 POST https://localhost:7143/api/Auth/register - multipart/form-data; boundary=--------------------------121948408788851894158595 541
2026-09-08 17:44:32.030 +03:00 [INF] Executing endpoint 'CoffeeStoreApi.Controllers.AuthController.Register (CoffeeStoreApi)'
2026-09-08 17:44:32.048 +03:00 [INF] Route matched with {action = "Register", controller = "Auth"}. Executing controller action with signature System.Threading.Tasks.Task`1[Microsoft.AspNetCore.Mvc.IActionResult] Register(CoffeeStoreApi.Dtos.RegisterDto) on controller CoffeeStoreApi.Controllers.AuthController (CoffeeStoreApi).
2026-09-08 17:44:32.114 +03:00 [INF] Entity Framework Core 6.0.0 initialized 'ApplicationDbContext' using provider 'Microsoft.EntityFrameworkCore.SqlServer:6.0.0' with options: None
2026-09-08 17:44:32.137 +03:00 [INF] Executed DbCommand (23ms) [Parameters=[@__normalizedEmail_0='?' (Size = 256)], CommandType='"Text"', CommandTimeout='30']
SELECT TOP(2) [a].[Id], [a].[AccessFailedCount], [a].[ConcurrencyStamp], [a].[Email], [a].[EmailConfirmed], [a].[FullName], [a].[LockoutEnabled], [a].[LockoutEnd], [a].[NormalizedEmail], [a].[NormalizedUserName], [a].[PasswordHash], [a].[PhoneNumber], [a].[PhoneNumberConfirmed], [a].[SecurityStamp], [a].[TwoFactorEnabled], [a].[UserName]
FROM [AspNetUsers] AS [a]
WHERE [a].[NormalizedEmail] = @__normalizedEmail_0
2026-09-08 17:44:32.227 +03:00 [INF] Executed DbCommand (3ms) [Parameters=[@__normalizedUserName_0='?' (Size = 256)], CommandType='"Text"', CommandTimeout='30']
SELECT TOP(1) [a].[Id], [a].[AccessFailedCount], [a].[ConcurrencyStamp], [a].[Email], [a].[EmailConfirmed], [a].[FullName], [a].[LockoutEnabled], [a].[LockoutEnd], [a].[NormalizedEmail], [a].[NormalizedUserName], [a].[PasswordHash], [a].[PhoneNumber], [a].[PhoneNumberConfirmed], [a].[SecurityStamp], [a].[TwoFactorEnabled], [a].[UserName]
FROM [AspNetUsers] AS [a]
WHERE [a].[NormalizedUserName] = @__normalizedUserName_0
2026-09-08 17:44:32.285 +03:00 [INF] Executed DbCommand (5ms) [Parameters=[@p0='?' (Size = 450), @p1='?' (DbType = Int32), @p2='?' (Size = 4000), @p3='?' (Size = 256), @p4='?' (DbType = Boolean), @p5='?' (Size = 4000), @p6='?' (DbType = Boolean), @p7='?' (DbType = DateTimeOffset), @p8='?' (Size = 256), @p9='?' (Size = 256), @p10='?' (Size = 4000), @p11='?' (Size = 4000), @p12='?' (DbType = Boolean), @p13='?' (Size = 4000), @p14='?' (DbType = Boolean), @p15='?' (Size = 256)], CommandType='"Text"', CommandTimeout='30']
SET NOCOUNT ON;
INSERT INTO [AspNetUsers] ([Id], [AccessFailedCount], [ConcurrencyStamp], [Email], [EmailConfirmed], [FullName], [LockoutEnabled], [LockoutEnd], [NormalizedEmail], [NormalizedUserName], [PasswordHash], [PhoneNumber], [PhoneNumberConfirmed], [SecurityStamp], [TwoFactorEnabled], [UserName])
VALUES (@p0, @p1, @p2, @p3, @p4, @p5, @p6, @p7, @p8, @p9, @p10, @p11, @p12, @p13, @p14, @p15);
2026-09-08 17:44:32.324 +03:00 [INF] Executed DbCommand (26ms) [Parameters=[@__normalizedName_0='?' (Size = 256)], CommandType='"Text"', CommandTimeout='30']
SELECT TOP(1) [a].[Id], [a].[ConcurrencyStamp], [a].[Name], [a].[NormalizedName]
FROM [AspNetRoles] AS [a]
WHERE [a].[NormalizedName] = @__normalizedName_0
2026-09-08 17:44:32.328 +03:00 [INF] Executed DbCommand (2ms) [Parameters=[@__normalizedName_0='?' (Size = 256)], CommandType='"Text"', CommandTimeout='30']
SELECT TOP(1) [a].[Id], [a].[ConcurrencyStamp], [a].[Name], [a].[NormalizedName]
FROM [AspNetRoles] AS [a]
WHERE [a].[NormalizedName] = @__normalizedName_0
2026-09-08 17:44:32.330 +03:00 [WRN] Role 77f5b844-5699-4aac-b9f7-3b09bdbc6216 validation failed: DuplicateRoleName.
2026-09-08 17:44:32.366 +03:00 [INF] Executed DbCommand (24ms) [Parameters=[@p0='?' (Size = 450), @p1='?' (Size = 4000)], CommandType='"Text"', CommandTimeout='30']
SET NOCOUNT ON;
DELETE FROM [AspNetUsers]
WHERE [Id] = @p0 AND [ConcurrencyStamp] = @p1;
SELECT @@ROWCOUNT;
2026-09-08 17:44:32.375 +03:00 [INF] Executing BadRequestObjectResult, writing value of type 'CoffeeStoreApi.Common.Response`1[[CoffeeStoreApi.Dtos.RegisterDto, CoffeeStoreApi, Version=1.0.0.0, Culture=neutral, PublicKeyToken=null]]'.
2026-09-08 17:44:32.381 +03:00 [INF] Executed action CoffeeStoreApi.Controllers.AuthController.Register (CoffeeStoreApi) in 331.1906ms
2026-09-08 17:44:32.381 +03:00 [INF] Executed endpoint 'CoffeeStoreApi.Controllers.AuthController.Register (CoffeeStoreApi)'
2026-09-08 17:44:32.383 +03:00 [INF] Request finished HTTP/1.1 POST https://localhost:7143/api/Auth/register - 400 null application/json; charset=utf-8 427.9843ms
2026-09-08 17:45:14.839 +03:00 [INF] User profile is available. Using '/Users/terminal/.aspnet/DataProtection-Keys' as key repository; keys will not be encrypted at rest.
2026-09-08 17:45:15.177 +03:00 [WRN] No store type was specified for the decimal property 'Amount' on entity type 'Payment'. This will cause values to be silently truncated if they do not fit in the default precision and scale. Explicitly specify the SQL server column type that can accommodate all the values in 'OnModelCreating' using 'HasColumnType', specify precision and scale using 'HasPrecision', or configure a value converter using 'HasConversion'.
2026-09-08 17:45:15.240 +03:00 [INF] Entity Framework Core 6.0.0 initialized 'ApplicationDbContext' using provider 'Microsoft.EntityFrameworkCore.SqlServer:6.0.0' with options: None
2026-09-08 17:45:15.580 +03:00 [INF] Executed DbCommand (26ms) [Parameters=[@__normalizedName_0='?' (Size = 256)], CommandType='"Text"', CommandTimeout='30']
SELECT TOP(1) [a].[Id], [a].[ConcurrencyStamp], [a].[Name], [a].[NormalizedName]
FROM [AspNetRoles] AS [a]
WHERE [a].[NormalizedName] = @__normalizedName_0
2026-09-08 17:45:15.622 +03:00 [INF] Executed DbCommand (3ms) [Parameters=[@__normalizedName_0='?' (Size = 256)], CommandType='"Text"', CommandTimeout='30']
SELECT TOP(1) [a].[Id], [a].[ConcurrencyStamp], [a].[Name], [a].[NormalizedName]
FROM [AspNetRoles] AS [a]
WHERE [a].[NormalizedName] = @__normalizedName_0
2026-09-08 17:45:15.625 +03:00 [INF] Executed DbCommand (2ms) [Parameters=[@__normalizedName_0='?' (Size = 256)], CommandType='"Text"', CommandTimeout='30']
SELECT TOP(1) [a].[Id], [a].[ConcurrencyStamp], [a].[Name], [a].[NormalizedName]
FROM [AspNetRoles] AS [a]
WHERE [a].[NormalizedName] = @__normalizedName_0
2026-09-08 17:45:15.647 +03:00 [INF] Executed DbCommand (3ms) [Parameters=[@__role_Id_0='?' (Size = 450)], CommandType='"Text"', CommandTimeout='30']
SELECT [a].[ClaimType], [a].[ClaimValue]
FROM [AspNetRoleClaims] AS [a]
WHERE [a].[RoleId] = @__role_Id_0
2026-09-08 17:45:15.650 +03:00 [INF] Executed DbCommand (2ms) [Parameters=[@__normalizedName_0='?' (Size = 256)], CommandType='"Text"', CommandTimeout='30']
SELECT TOP(1) [a].[Id], [a].[ConcurrencyStamp], [a].[Name], [a].[NormalizedName]
FROM [AspNetRoles] AS [a]
WHERE [a].[NormalizedName] = @__normalizedName_0
2026-09-08 17:45:15.653 +03:00 [INF] Executed DbCommand (2ms) [Parameters=[@__role_Id_0='?' (Size = 450)], CommandType='"Text"', CommandTimeout='30']
SELECT [a].[ClaimType], [a].[ClaimValue]
FROM [AspNetRoleClaims] AS [a]
WHERE [a].[RoleId] = @__role_Id_0
2026-09-08 17:45:15.661 +03:00 [INF] Executed DbCommand (3ms) [Parameters=[@__normalizedEmail_0='?' (Size = 256)], CommandType='"Text"', CommandTimeout='30']
SELECT TOP(2) [a].[Id], [a].[AccessFailedCount], [a].[ConcurrencyStamp], [a].[Email], [a].[EmailConfirmed], [a].[FullName], [a].[LockoutEnabled], [a].[LockoutEnd], [a].[NormalizedEmail], [a].[NormalizedUserName], [a].[PasswordHash], [a].[PhoneNumber], [a].[PhoneNumberConfirmed], [a].[SecurityStamp], [a].[TwoFactorEnabled], [a].[UserName]
FROM [AspNetUsers] AS [a]
WHERE [a].[NormalizedEmail] = @__normalizedEmail_0
2026-09-08 17:45:15.909 +03:00 [INF] Now listening on: https://localhost:7143
2026-09-08 17:45:15.930 +03:00 [INF] Now listening on: http://localhost:5042
2026-09-08 17:45:15.934 +03:00 [INF] Application started. Press Ctrl+C to shut down.
2026-09-08 17:45:15.934 +03:00 [INF] Hosting environment: Development
2026-09-08 17:45:15.934 +03:00 [INF] Content root path: /Users/terminal/Projects/SoreApi-main/CoffeeStoreApi
2026-09-08 17:45:17.086 +03:00 [INF] Request starting HTTP/2 GET https://localhost:7143/swagger/index.html - null null
2026-09-08 17:45:17.158 +03:00 [INF] Request finished HTTP/2 GET https://localhost:7143/swagger/index.html - 200 null text/html;charset=utf-8 72.5284ms
2026-09-08 17:45:17.219 +03:00 [INF] Request starting HTTP/2 GET https://localhost:7143/swagger/v1/swagger.json - null null
2026-09-08 17:45:17.281 +03:00 [INF] Request finished HTTP/2 GET https://localhost:7143/swagger/v1/swagger.json - 200 null application/json;charset=utf-8 61.863ms
2026-09-08 17:45:19.987 +03:00 [INF] Request starting HTTP/1.1 POST https://localhost:7143/api/Auth/register - multipart/form-data; boundary=--------------------------121948408788851894158595 541
2026-09-08 17:45:20.056 +03:00 [INF] Executing endpoint 'CoffeeStoreApi.Controllers.AuthController.Register (CoffeeStoreApi)'
2026-09-08 17:45:20.067 +03:00 [INF] Route matched with {action = "Register", controller = "Auth"}. Executing controller action with signature System.Threading.Tasks.Task`1[Microsoft.AspNetCore.Mvc.IActionResult] Register(CoffeeStoreApi.Dtos.RegisterDto) on controller CoffeeStoreApi.Controllers.AuthController (CoffeeStoreApi).
2026-09-08 17:45:20.127 +03:00 [INF] Entity Framework Core 6.0.0 initialized 'ApplicationDbContext' using provider 'Microsoft.EntityFrameworkCore.SqlServer:6.0.0' with options: None
2026-09-08 17:45:20.130 +03:00 [INF] Executed DbCommand (2ms) [Parameters=[@__normalizedEmail_0='?' (Size = 256)], CommandType='"Text"', CommandTimeout='30']
SELECT TOP(2) [a].[Id], [a].[AccessFailedCount], [a].[ConcurrencyStamp], [a].[Email], [a].[EmailConfirmed], [a].[FullName], [a].[LockoutEnabled], [a].[LockoutEnd], [a].[NormalizedEmail], [a].[NormalizedUserName], [a].[PasswordHash], [a].[PhoneNumber], [a].[PhoneNumberConfirmed], [a].[SecurityStamp], [a].[TwoFactorEnabled], [a].[UserName]
FROM [AspNetUsers] AS [a]
WHERE [a].[NormalizedEmail] = @__normalizedEmail_0
2026-09-08 17:45:20.201 +03:00 [INF] Executed DbCommand (4ms) [Parameters=[@__normalizedUserName_0='?' (Size = 256)], CommandType='"Text"', CommandTimeout='30']
SELECT TOP(1) [a].[Id], [a].[AccessFailedCount], [a].[ConcurrencyStamp], [a].[Email], [a].[EmailConfirmed], [a].[FullName], [a].[LockoutEnabled], [a].[LockoutEnd], [a].[NormalizedEmail], [a].[NormalizedUserName], [a].[PasswordHash], [a].[PhoneNumber], [a].[PhoneNumberConfirmed], [a].[SecurityStamp], [a].[TwoFactorEnabled], [a].[UserName]
FROM [AspNetUsers] AS [a]
WHERE [a].[NormalizedUserName] = @__normalizedUserName_0
2026-09-08 17:45:20.260 +03:00 [INF] Executed DbCommand (3ms) [Parameters=[@p0='?' (Size = 450), @p1='?' (DbType = Int32), @p2='?' (Size = 4000), @p3='?' (Size = 256), @p4='?' (DbType = Boolean), @p5='?' (Size = 4000), @p6='?' (DbType = Boolean), @p7='?' (DbType = DateTimeOffset), @p8='?' (Size = 256), @p9='?' (Size = 256), @p10='?' (Size = 4000), @p11='?' (Size = 4000), @p12='?' (DbType = Boolean), @p13='?' (Size = 4000), @p14='?' (DbType = Boolean), @p15='?' (Size = 256)], CommandType='"Text"', CommandTimeout='30']
SET NOCOUNT ON;
INSERT INTO [AspNetUsers] ([Id], [AccessFailedCount], [ConcurrencyStamp], [Email], [EmailConfirmed], [FullName], [LockoutEnabled], [LockoutEnd], [NormalizedEmail], [NormalizedUserName], [PasswordHash], [PhoneNumber], [PhoneNumberConfirmed], [SecurityStamp], [TwoFactorEnabled], [UserName])
VALUES (@p0, @p1, @p2, @p3, @p4, @p5, @p6, @p7, @p8, @p9, @p10, @p11, @p12, @p13, @p14, @p15);
2026-09-08 17:45:20.278 +03:00 [INF] Executed DbCommand (3ms) [Parameters=[@__normalizedName_0='?' (Size = 256)], CommandType='"Text"', CommandTimeout='30']
SELECT TOP(1) [a].[Id], [a].[ConcurrencyStamp], [a].[Name], [a].[NormalizedName]
FROM [AspNetRoles] AS [a]
WHERE [a].[NormalizedName] = @__normalizedName_0
2026-09-08 17:45:20.281 +03:00 [INF] Executed DbCommand (2ms) [Parameters=[@__normalizedName_0='?' (Size = 256)], CommandType='"Text"', CommandTimeout='30']
SELECT TOP(1) [a].[Id], [a].[ConcurrencyStamp], [a].[Name], [a].[NormalizedName]
FROM [AspNetRoles] AS [a]
WHERE [a].[NormalizedName] = @__normalizedName_0
2026-09-08 17:45:20.284 +03:00 [WRN] Role d871d687-c279-45da-82d3-2c2a1ec00f7d validation failed: DuplicateRoleName.
2026-09-08 17:45:20.299 +03:00 [INF] Executed DbCommand (3ms) [Parameters=[@p0='?' (Size = 450), @p1='?' (Size = 4000)], CommandType='"Text"', CommandTimeout='30']
SET NOCOUNT ON;
DELETE FROM [AspNetUsers]
WHERE [Id] = @p0 AND [ConcurrencyStamp] = @p1;
SELECT @@ROWCOUNT;
2026-09-08 17:45:20.310 +03:00 [INF] Executing BadRequestObjectResult, writing value of type 'CoffeeStoreApi.Common.Response`1[[CoffeeStoreApi.Dtos.RegisterDto, CoffeeStoreApi, Version=1.0.0.0, Culture=neutral, PublicKeyToken=null]]'.
2026-09-08 17:45:20.315 +03:00 [INF] Executed action CoffeeStoreApi.Controllers.AuthController.Register (CoffeeStoreApi) in 245.879ms
2026-09-08 17:45:20.315 +03:00 [INF] Executed endpoint 'CoffeeStoreApi.Controllers.AuthController.Register (CoffeeStoreApi)'
2026-09-08 17:45:20.316 +03:00 [INF] Request finished HTTP/1.1 POST https://localhost:7143/api/Auth/register - 400 null application/json; charset=utf-8 329.1364ms
2026-09-08 17:45:21.302 +03:00 [INF] Request starting HTTP/1.1 POST https://localhost:7143/api/Auth/register - multipart/form-data; boundary=--------------------------121948408788851894158595 541
2026-09-08 17:45:21.308 +03:00 [INF] Executing endpoint 'CoffeeStoreApi.Controllers.AuthController.Register (CoffeeStoreApi)'
2026-09-08 17:45:21.308 +03:00 [INF] Route matched with {action = "Register", controller = "Auth"}. Executing controller action with signature System.Threading.Tasks.Task`1[Microsoft.AspNetCore.Mvc.IActionResult] Register(CoffeeStoreApi.Dtos.RegisterDto) on controller CoffeeStoreApi.Controllers.AuthController (CoffeeStoreApi).
2026-09-08 17:45:21.318 +03:00 [INF] Entity Framework Core 6.0.0 initialized 'ApplicationDbContext' using provider 'Microsoft.EntityFrameworkCore.SqlServer:6.0.0' with options: None
2026-09-08 17:45:21.322 +03:00 [INF] Executed DbCommand (3ms) [Parameters=[@__normalizedEmail_0='?' (Size = 256)], CommandType='"Text"', CommandTimeout='30']
SELECT TOP(2) [a].[Id], [a].[AccessFailedCount], [a].[ConcurrencyStamp], [a].[Email], [a].[EmailConfirmed], [a].[FullName], [a].[LockoutEnabled], [a].[LockoutEnd], [a].[NormalizedEmail], [a].[NormalizedUserName], [a].[PasswordHash], [a].[PhoneNumber], [a].[PhoneNumberConfirmed], [a].[SecurityStamp], [a].[TwoFactorEnabled], [a].[UserName]
FROM [AspNetUsers] AS [a]
WHERE [a].[NormalizedEmail] = @__normalizedEmail_0
2026-09-08 17:45:21.378 +03:00 [INF] Executed DbCommand (3ms) [Parameters=[@__normalizedUserName_0='?' (Size = 256)], CommandType='"Text"', CommandTimeout='30']
SELECT TOP(1) [a].[Id], [a].[AccessFailedCount], [a].[ConcurrencyStamp], [a].[Email], [a].[EmailConfirmed], [a].[FullName], [a].[LockoutEnabled], [a].[LockoutEnd], [a].[NormalizedEmail], [a].[NormalizedUserName], [a].[PasswordHash], [a].[PhoneNumber], [a].[PhoneNumberConfirmed], [a].[SecurityStamp], [a].[TwoFactorEnabled], [a].[UserName]
FROM [AspNetUsers] AS [a]
WHERE [a].[NormalizedUserName] = @__normalizedUserName_0
2026-09-08 17:45:21.382 +03:00 [INF] Executed DbCommand (2ms) [Parameters=[@p0='?' (Size = 450), @p1='?' (DbType = Int32), @p2='?' (Size = 4000), @p3='?' (Size = 256), @p4='?' (DbType = Boolean), @p5='?' (Size = 4000), @p6='?' (DbType = Boolean), @p7='?' (DbType = DateTimeOffset), @p8='?' (Size = 256), @p9='?' (Size = 256), @p10='?' (Size = 4000), @p11='?' (Size = 4000), @p12='?' (DbType = Boolean), @p13='?' (Size = 4000), @p14='?' (DbType = Boolean), @p15='?' (Size = 256)], CommandType='"Text"', CommandTimeout='30']
SET NOCOUNT ON;
INSERT INTO [AspNetUsers] ([Id], [AccessFailedCount], [ConcurrencyStamp], [Email], [EmailConfirmed], [FullName], [LockoutEnabled], [LockoutEnd], [NormalizedEmail], [NormalizedUserName], [PasswordHash], [PhoneNumber], [PhoneNumberConfirmed], [SecurityStamp], [TwoFactorEnabled], [UserName])
VALUES (@p0, @p1, @p2, @p3, @p4, @p5, @p6, @p7, @p8, @p9, @p10, @p11, @p12, @p13, @p14, @p15);
2026-09-08 17:45:21.389 +03:00 [INF] Executed DbCommand (1ms) [Parameters=[@__normalizedName_0='?' (Size = 256)], CommandType='"Text"', CommandTimeout='30']
SELECT TOP(1) [a].[Id], [a].[ConcurrencyStamp], [a].[Name], [a].[NormalizedName]
FROM [AspNetRoles] AS [a]
WHERE [a].[NormalizedName] = @__normalizedName_0
2026-09-08 17:45:21.391 +03:00 [INF] Executed DbCommand (1ms) [Parameters=[@__normalizedName_0='?' (Size = 256)], CommandType='"Text"', CommandTimeout='30']
SELECT TOP(1) [a].[Id], [a].[ConcurrencyStamp], [a].[Name], [a].[NormalizedName]
FROM [AspNetRoles] AS [a]
WHERE [a].[NormalizedName] = @__normalizedName_0
2026-09-08 17:45:21.391 +03:00 [WRN] Role 6e570b75-6c40-4ced-ba12-998cff037b62 validation failed: DuplicateRoleName.
2026-09-08 17:45:21.484 +03:00 [INF] Executed DbCommand (45ms) [Parameters=[@p0='?' (Size = 450), @p1='?' (Size = 4000)], CommandType='"Text"', CommandTimeout='30']
SET NOCOUNT ON;
DELETE FROM [AspNetUsers]
WHERE [Id] = @p0 AND [ConcurrencyStamp] = @p1;
SELECT @@ROWCOUNT;
2026-09-08 17:45:21.488 +03:00 [INF] Executing BadRequestObjectResult, writing value of type 'CoffeeStoreApi.Common.Response`1[[CoffeeStoreApi.Dtos.RegisterDto, CoffeeStoreApi, Version=1.0.0.0, Culture=neutral, PublicKeyToken=null]]'.
2026-09-08 17:45:21.489 +03:00 [INF] Executed action CoffeeStoreApi.Controllers.AuthController.Register (CoffeeStoreApi) in 180.7827ms
2026-09-08 17:45:21.489 +03:00 [INF] Executed endpoint 'CoffeeStoreApi.Controllers.AuthController.Register (CoffeeStoreApi)'
2026-09-08 17:45:21.489 +03:00 [INF] Request finished HTTP/1.1 POST https://localhost:7143/api/Auth/register - 400 null application/json; charset=utf-8 187.2411ms
2026-09-08 17:45:40.313 +03:00 [INF] User profile is available. Using '/Users/terminal/.aspnet/DataProtection-Keys' as key repository; keys will not be encrypted at rest.
2026-09-08 17:45:40.640 +03:00 [WRN] No store type was specified for the decimal property 'Amount' on entity type 'Payment'. This will cause values to be silently truncated if they do not fit in the default precision and scale. Explicitly specify the SQL server column type that can accommodate all the values in 'OnModelCreating' using 'HasColumnType', specify precision and scale using 'HasPrecision', or configure a value converter using 'HasConversion'.
2026-09-08 17:45:40.704 +03:00 [INF] Entity Framework Core 6.0.0 initialized 'ApplicationDbContext' using provider 'Microsoft.EntityFrameworkCore.SqlServer:6.0.0' with options: None
2026-09-08 17:45:41.032 +03:00 [INF] Executed DbCommand (26ms) [Parameters=[@__normalizedName_0='?' (Size = 256)], CommandType='"Text"', CommandTimeout='30']
SELECT TOP(1) [a].[Id], [a].[ConcurrencyStamp], [a].[Name], [a].[NormalizedName]
FROM [AspNetRoles] AS [a]
WHERE [a].[NormalizedName] = @__normalizedName_0
2026-09-08 17:45:41.165 +03:00 [INF] Executed DbCommand (98ms) [Parameters=[@__normalizedName_0='?' (Size = 256)], CommandType='"Text"', CommandTimeout='30']
SELECT TOP(1) [a].[Id], [a].[ConcurrencyStamp], [a].[Name], [a].[NormalizedName]
FROM [AspNetRoles] AS [a]
WHERE [a].[NormalizedName] = @__normalizedName_0
2026-09-08 17:45:41.170 +03:00 [INF] Executed DbCommand (3ms) [Parameters=[@__normalizedName_0='?' (Size = 256)], CommandType='"Text"', CommandTimeout='30']
SELECT TOP(1) [a].[Id], [a].[ConcurrencyStamp], [a].[Name], [a].[NormalizedName]
FROM [AspNetRoles] AS [a]
WHERE [a].[NormalizedName] = @__normalizedName_0
2026-09-08 17:45:41.189 +03:00 [INF] Executed DbCommand (2ms) [Parameters=[@__role_Id_0='?' (Size = 450)], CommandType='"Text"', CommandTimeout='30']
SELECT [a].[ClaimType], [a].[ClaimValue]
FROM [AspNetRoleClaims] AS [a]
WHERE [a].[RoleId] = @__role_Id_0
2026-09-08 17:45:41.196 +03:00 [INF] Executed DbCommand (5ms) [Parameters=[@__normalizedName_0='?' (Size = 256)], CommandType='"Text"', CommandTimeout='30']
SELECT TOP(1) [a].[Id], [a].[ConcurrencyStamp], [a].[Name], [a].[NormalizedName]
FROM [AspNetRoles] AS [a]
WHERE [a].[NormalizedName] = @__normalizedName_0
2026-09-08 17:45:41.199 +03:00 [INF] Executed DbCommand (2ms) [Parameters=[@__role_Id_0='?' (Size = 450)], CommandType='"Text"', CommandTimeout='30']
SELECT [a].[ClaimType], [a].[ClaimValue]
FROM [AspNetRoleClaims] AS [a]
WHERE [a].[RoleId] = @__role_Id_0
2026-09-08 17:45:41.207 +03:00 [INF] Executed DbCommand (1ms) [Parameters=[@__normalizedEmail_0='?' (Size = 256)], CommandType='"Text"', CommandTimeout='30']
SELECT TOP(2) [a].[Id], [a].[AccessFailedCount], [a].[ConcurrencyStamp], [a].[Email], [a].[EmailConfirmed], [a].[FullName], [a].[LockoutEnabled], [a].[LockoutEnd], [a].[NormalizedEmail], [a].[NormalizedUserName], [a].[PasswordHash], [a].[PhoneNumber], [a].[PhoneNumberConfirmed], [a].[SecurityStamp], [a].[TwoFactorEnabled], [a].[UserName]
FROM [AspNetUsers] AS [a]
WHERE [a].[NormalizedEmail] = @__normalizedEmail_0
2026-09-08 17:45:41.457 +03:00 [INF] Now listening on: https://localhost:7143
2026-09-08 17:45:41.457 +03:00 [INF] Now listening on: http://localhost:5042
2026-09-08 17:45:41.458 +03:00 [INF] Application started. Press Ctrl+C to shut down.
2026-09-08 17:45:41.459 +03:00 [INF] Hosting environment: Development
2026-09-08 17:45:41.459 +03:00 [INF] Content root path: /Users/terminal/Projects/SoreApi-main/CoffeeStoreApi
2026-09-08 17:45:42.636 +03:00 [INF] Request starting HTTP/2 GET https://localhost:7143/swagger/index.html - null null
2026-09-08 17:45:42.704 +03:00 [INF] Request finished HTTP/2 GET https://localhost:7143/swagger/index.html - 200 null text/html;charset=utf-8 68.2484ms
2026-09-08 17:45:42.787 +03:00 [INF] Request starting HTTP/2 GET https://localhost:7143/swagger/v1/swagger.json - null null
2026-09-08 17:45:42.849 +03:00 [INF] Request finished HTTP/2 GET https://localhost:7143/swagger/v1/swagger.json - 200 null application/json;charset=utf-8 61.8886ms
2026-09-08 17:45:46.124 +03:00 [INF] Request starting HTTP/1.1 POST https://localhost:7143/api/Auth/register - multipart/form-data; boundary=--------------------------121948408788851894158595 541
2026-09-08 17:45:46.238 +03:00 [INF] Executing endpoint 'CoffeeStoreApi.Controllers.AuthController.Register (CoffeeStoreApi)'
2026-09-08 17:45:46.255 +03:00 [INF] Route matched with {action = "Register", controller = "Auth"}. Executing controller action with signature System.Threading.Tasks.Task`1[Microsoft.AspNetCore.Mvc.IActionResult] Register(CoffeeStoreApi.Dtos.RegisterDto) on controller CoffeeStoreApi.Controllers.AuthController (CoffeeStoreApi).
2026-09-08 17:45:46.314 +03:00 [INF] Entity Framework Core 6.0.0 initialized 'ApplicationDbContext' using provider 'Microsoft.EntityFrameworkCore.SqlServer:6.0.0' with options: None
2026-09-08 17:45:46.319 +03:00 [INF] Executed DbCommand (3ms) [Parameters=[@__normalizedEmail_0='?' (Size = 256)], CommandType='"Text"', CommandTimeout='30']
SELECT TOP(2) [a].[Id], [a].[AccessFailedCount], [a].[ConcurrencyStamp], [a].[Email], [a].[EmailConfirmed], [a].[FullName], [a].[LockoutEnabled], [a].[LockoutEnd], [a].[NormalizedEmail], [a].[NormalizedUserName], [a].[PasswordHash], [a].[PhoneNumber], [a].[PhoneNumberConfirmed], [a].[SecurityStamp], [a].[TwoFactorEnabled], [a].[UserName]
FROM [AspNetUsers] AS [a]
WHERE [a].[NormalizedEmail] = @__normalizedEmail_0
2026-09-08 17:45:46.383 +03:00 [INF] Executed DbCommand (3ms) [Parameters=[@__normalizedUserName_0='?' (Size = 256)], CommandType='"Text"', CommandTimeout='30']
SELECT TOP(1) [a].[Id], [a].[AccessFailedCount], [a].[ConcurrencyStamp], [a].[Email], [a].[EmailConfirmed], [a].[FullName], [a].[LockoutEnabled], [a].[LockoutEnd], [a].[NormalizedEmail], [a].[NormalizedUserName], [a].[PasswordHash], [a].[PhoneNumber], [a].[PhoneNumberConfirmed], [a].[SecurityStamp], [a].[TwoFactorEnabled], [a].[UserName]
FROM [AspNetUsers] AS [a]
WHERE [a].[NormalizedUserName] = @__normalizedUserName_0
2026-09-08 17:45:46.468 +03:00 [INF] Executed DbCommand (30ms) [Parameters=[@p0='?' (Size = 450), @p1='?' (DbType = Int32), @p2='?' (Size = 4000), @p3='?' (Size = 256), @p4='?' (DbType = Boolean), @p5='?' (Size = 4000), @p6='?' (DbType = Boolean), @p7='?' (DbType = DateTimeOffset), @p8='?' (Size = 256), @p9='?' (Size = 256), @p10='?' (Size = 4000), @p11='?' (Size = 4000), @p12='?' (DbType = Boolean), @p13='?' (Size = 4000), @p14='?' (DbType = Boolean), @p15='?' (Size = 256)], CommandType='"Text"', CommandTimeout='30']
SET NOCOUNT ON;
INSERT INTO [AspNetUsers] ([Id], [AccessFailedCount], [ConcurrencyStamp], [Email], [EmailConfirmed], [FullName], [LockoutEnabled], [LockoutEnd], [NormalizedEmail], [NormalizedUserName], [PasswordHash], [PhoneNumber], [PhoneNumberConfirmed], [SecurityStamp], [TwoFactorEnabled], [UserName])
VALUES (@p0, @p1, @p2, @p3, @p4, @p5, @p6, @p7, @p8, @p9, @p10, @p11, @p12, @p13, @p14, @p15);
2026-09-08 17:45:46.512 +03:00 [INF] Executed DbCommand (2ms) [Parameters=[@__normalizedName_0='?' (Size = 256)], CommandType='"Text"', CommandTimeout='30']
SELECT TOP(1) [a].[Id], [a].[ConcurrencyStamp], [a].[Name], [a].[NormalizedName]
FROM [AspNetRoles] AS [a]
WHERE [a].[NormalizedName] = @__normalizedName_0
2026-09-08 17:45:46.586 +03:00 [INF] Executed DbCommand (6ms) [Parameters=[@p0='?' (Size = 450), @p1='?' (Size = 4000)], CommandType='"Text"', CommandTimeout='30']
SET NOCOUNT ON;
DELETE FROM [AspNetUsers]
WHERE [Id] = @p0 AND [ConcurrencyStamp] = @p1;
SELECT @@ROWCOUNT;
2026-09-08 17:45:46.596 +03:00 [INF] Executing BadRequestObjectResult, writing value of type 'CoffeeStoreApi.Common.Response`1[[CoffeeStoreApi.Dtos.RegisterDto, CoffeeStoreApi, Version=1.0.0.0, Culture=neutral, PublicKeyToken=null]]'.
2026-09-08 17:45:46.601 +03:00 [INF] Executed action CoffeeStoreApi.Controllers.AuthController.Register (CoffeeStoreApi) in 344.7255ms
2026-09-08 17:45:46.602 +03:00 [INF] Executed endpoint 'CoffeeStoreApi.Controllers.AuthController.Register (CoffeeStoreApi)'
2026-09-08 17:45:46.603 +03:00 [INF] Request finished HTTP/1.1 POST https://localhost:7143/api/Auth/register - 400 null application/json; charset=utf-8 479.1858ms
2026-09-08 17:47:17.923 +03:00 [INF] User profile is available. Using '/Users/terminal/.aspnet/DataProtection-Keys' as key repository; keys will not be encrypted at rest.
2026-09-08 17:47:18.249 +03:00 [WRN] No store type was specified for the decimal property 'Amount' on entity type 'Payment'. This will cause values to be silently truncated if they do not fit in the default precision and scale. Explicitly specify the SQL server column type that can accommodate all the values in 'OnModelCreating' using 'HasColumnType', specify precision and scale using 'HasPrecision', or configure a value converter using 'HasConversion'.
2026-09-08 17:47:18.312 +03:00 [INF] Entity Framework Core 6.0.0 initialized 'ApplicationDbContext' using provider 'Microsoft.EntityFrameworkCore.SqlServer:6.0.0' with options: None
2026-09-08 17:47:18.634 +03:00 [INF] Executed DbCommand (26ms) [Parameters=[@__normalizedName_0='?' (Size = 256)], CommandType='"Text"', CommandTimeout='30']
SELECT TOP(1) [a].[Id], [a].[ConcurrencyStamp], [a].[Name], [a].[NormalizedName]
FROM [AspNetRoles] AS [a]
WHERE [a].[NormalizedName] = @__normalizedName_0
2026-09-08 17:47:18.672 +03:00 [INF] Executed DbCommand (3ms) [Parameters=[@__normalizedName_0='?' (Size = 256)], CommandType='"Text"', CommandTimeout='30']
SELECT TOP(1) [a].[Id], [a].[ConcurrencyStamp], [a].[Name], [a].[NormalizedName]
FROM [AspNetRoles] AS [a]
WHERE [a].[NormalizedName] = @__normalizedName_0
2026-09-08 17:47:18.676 +03:00 [INF] Executed DbCommand (3ms) [Parameters=[@__normalizedName_0='?' (Size = 256)], CommandType='"Text"', CommandTimeout='30']
SELECT TOP(1) [a].[Id], [a].[ConcurrencyStamp], [a].[Name], [a].[NormalizedName]
FROM [AspNetRoles] AS [a]
WHERE [a].[NormalizedName] = @__normalizedName_0
2026-09-08 17:47:18.695 +03:00 [INF] Executed DbCommand (2ms) [Parameters=[@__role_Id_0='?' (Size = 450)], CommandType='"Text"', CommandTimeout='30']
SELECT [a].[ClaimType], [a].[ClaimValue]
FROM [AspNetRoleClaims] AS [a]
WHERE [a].[RoleId] = @__role_Id_0
2026-09-08 17:47:18.698 +03:00 [INF] Executed DbCommand (2ms) [Parameters=[@__normalizedName_0='?' (Size = 256)], CommandType='"Text"', CommandTimeout='30']
SELECT TOP(1) [a].[Id], [a].[ConcurrencyStamp], [a].[Name], [a].[NormalizedName]
FROM [AspNetRoles] AS [a]
WHERE [a].[NormalizedName] = @__normalizedName_0
2026-09-08 17:47:18.701 +03:00 [INF] Executed DbCommand (2ms) [Parameters=[@__role_Id_0='?' (Size = 450)], CommandType='"Text"', CommandTimeout='30']
SELECT [a].[ClaimType], [a].[ClaimValue]
FROM [AspNetRoleClaims] AS [a]
WHERE [a].[RoleId] = @__role_Id_0
2026-09-08 17:47:18.732 +03:00 [INF] Executed DbCommand (26ms) [Parameters=[@__normalizedEmail_0='?' (Size = 256)], CommandType='"Text"', CommandTimeout='30']
SELECT TOP(2) [a].[Id], [a].[AccessFailedCount], [a].[ConcurrencyStamp], [a].[Email], [a].[EmailConfirmed], [a].[FullName], [a].[LockoutEnabled], [a].[LockoutEnd], [a].[NormalizedEmail], [a].[NormalizedUserName], [a].[PasswordHash], [a].[PhoneNumber], [a].[PhoneNumberConfirmed], [a].[SecurityStamp], [a].[TwoFactorEnabled], [a].[UserName]
FROM [AspNetUsers] AS [a]
WHERE [a].[NormalizedEmail] = @__normalizedEmail_0
2026-09-08 17:47:18.981 +03:00 [INF] Now listening on: https://localhost:7143
2026-09-08 17:47:18.981 +03:00 [INF] Now listening on: http://localhost:5042
2026-09-08 17:47:18.983 +03:00 [INF] Application started. Press Ctrl+C to shut down.
2026-09-08 17:47:18.983 +03:00 [INF] Hosting environment: Development
2026-09-08 17:47:18.983 +03:00 [INF] Content root path: /Users/terminal/Projects/SoreApi-main/CoffeeStoreApi
2026-09-08 17:47:20.160 +03:00 [INF] Request starting HTTP/2 GET https://localhost:7143/swagger/index.html - null null
2026-09-08 17:47:20.226 +03:00 [INF] Request finished HTTP/2 GET https://localhost:7143/swagger/index.html - 200 null text/html;charset=utf-8 66.4504ms
2026-09-08 17:47:20.284 +03:00 [INF] Request starting HTTP/2 GET https://localhost:7143/swagger/v1/swagger.json - null null
2026-09-08 17:47:20.350 +03:00 [INF] Request finished HTTP/2 GET https://localhost:7143/swagger/v1/swagger.json - 200 null application/json;charset=utf-8 66.3326ms
2026-09-08 17:47:22.902 +03:00 [INF] Request starting HTTP/1.1 POST https://localhost:7143/api/Auth/register - multipart/form-data; boundary=--------------------------121948408788851894158595 541
2026-09-08 17:47:22.987 +03:00 [INF] Executing endpoint 'CoffeeStoreApi.Controllers.AuthController.Register (CoffeeStoreApi)'
2026-09-08 17:47:23.000 +03:00 [INF] Route matched with {action = "Register", controller = "Auth"}. Executing controller action with signature System.Threading.Tasks.Task`1[Microsoft.AspNetCore.Mvc.IActionResult] Register(CoffeeStoreApi.Dtos.RegisterDto) on controller CoffeeStoreApi.Controllers.AuthController (CoffeeStoreApi).
2026-09-08 17:47:23.057 +03:00 [INF] Entity Framework Core 6.0.0 initialized 'ApplicationDbContext' using provider 'Microsoft.EntityFrameworkCore.SqlServer:6.0.0' with options: None
2026-09-08 17:47:23.061 +03:00 [INF] Executed DbCommand (3ms) [Parameters=[@__normalizedEmail_0='?' (Size = 256)], CommandType='"Text"', CommandTimeout='30']
SELECT TOP(2) [a].[Id], [a].[AccessFailedCount], [a].[ConcurrencyStamp], [a].[Email], [a].[EmailConfirmed], [a].[FullName], [a].[LockoutEnabled], [a].[LockoutEnd], [a].[NormalizedEmail], [a].[NormalizedUserName], [a].[PasswordHash], [a].[PhoneNumber], [a].[PhoneNumberConfirmed], [a].[SecurityStamp], [a].[TwoFactorEnabled], [a].[UserName]
FROM [AspNetUsers] AS [a]
WHERE [a].[NormalizedEmail] = @__normalizedEmail_0
2026-09-08 17:47:23.195 +03:00 [INF] Executed DbCommand (72ms) [Parameters=[@__normalizedUserName_0='?' (Size = 256)], CommandType='"Text"', CommandTimeout='30']
SELECT TOP(1) [a].[Id], [a].[AccessFailedCount], [a].[ConcurrencyStamp], [a].[Email], [a].[EmailConfirmed], [a].[FullName], [a].[LockoutEnabled], [a].[LockoutEnd], [a].[NormalizedEmail], [a].[NormalizedUserName], [a].[PasswordHash], [a].[PhoneNumber], [a].[PhoneNumberConfirmed], [a].[SecurityStamp], [a].[TwoFactorEnabled], [a].[UserName]
FROM [AspNetUsers] AS [a]
WHERE [a].[NormalizedUserName] = @__normalizedUserName_0
2026-09-08 17:47:23.278 +03:00 [INF] Executed DbCommand (26ms) [Parameters=[@p0='?' (Size = 450), @p1='?' (DbType = Int32), @p2='?' (Size = 4000), @p3='?' (Size = 256), @p4='?' (DbType = Boolean), @p5='?' (Size = 4000), @p6='?' (DbType = Boolean), @p7='?' (DbType = DateTimeOffset), @p8='?' (Size = 256), @p9='?' (Size = 256), @p10='?' (Size = 4000), @p11='?' (Size = 4000), @p12='?' (DbType = Boolean), @p13='?' (Size = 4000), @p14='?' (DbType = Boolean), @p15='?' (Size = 256)], CommandType='"Text"', CommandTimeout='30']
SET NOCOUNT ON;
INSERT INTO [AspNetUsers] ([Id], [AccessFailedCount], [ConcurrencyStamp], [Email], [EmailConfirmed], [FullName], [LockoutEnabled], [LockoutEnd], [NormalizedEmail], [NormalizedUserName], [PasswordHash], [PhoneNumber], [PhoneNumberConfirmed], [SecurityStamp], [TwoFactorEnabled], [UserName])
VALUES (@p0, @p1, @p2, @p3, @p4, @p5, @p6, @p7, @p8, @p9, @p10, @p11, @p12, @p13, @p14, @p15);
2026-09-08 17:47:23.296 +03:00 [INF] Executed DbCommand (2ms) [Parameters=[@__normalizedName_0='?' (Size = 256)], CommandType='"Text"', CommandTimeout='30']
SELECT TOP(1) [a].[Id], [a].[ConcurrencyStamp], [a].[Name], [a].[NormalizedName]
FROM [AspNetRoles] AS [a]
WHERE [a].[NormalizedName] = @__normalizedName_0
2026-09-08 17:47:23.303 +03:00 [INF] Executed DbCommand (3ms) [Parameters=[@__normalizedRoleName_0='?' (Size = 256)], CommandType='"Text"', CommandTimeout='30']
SELECT TOP(2) [a].[Id], [a].[ConcurrencyStamp], [a].[Name], [a].[NormalizedName]
FROM [AspNetRoles] AS [a]
WHERE [a].[NormalizedName] = @__normalizedRoleName_0
2026-09-08 17:47:23.313 +03:00 [INF] Executed DbCommand (2ms) [Parameters=[@__p_0='?' (Size = 450), @__p_1='?' (Size = 450)], CommandType='"Text"', CommandTimeout='30']
SELECT TOP(1) [a].[UserId], [a].[RoleId]
FROM [AspNetUserRoles] AS [a]
WHERE ([a].[UserId] = @__p_0) AND ([a].[RoleId] = @__p_1)
2026-09-08 17:47:23.316 +03:00 [INF] Executed DbCommand (1ms) [Parameters=[@__normalizedRoleName_0='?' (Size = 256)], CommandType='"Text"', CommandTimeout='30']
SELECT TOP(2) [a].[Id], [a].[ConcurrencyStamp], [a].[Name], [a].[NormalizedName]
FROM [AspNetRoles] AS [a]
WHERE [a].[NormalizedName] = @__normalizedRoleName_0
2026-09-08 17:47:23.326 +03:00 [INF] Executed DbCommand (2ms) [Parameters=[@__normalizedUserName_0='?' (Size = 256)], CommandType='"Text"', CommandTimeout='30']
SELECT TOP(1) [a].[Id], [a].[AccessFailedCount], [a].[ConcurrencyStamp], [a].[Email], [a].[EmailConfirmed], [a].[FullName], [a].[LockoutEnabled], [a].[LockoutEnd], [a].[NormalizedEmail], [a].[NormalizedUserName], [a].[PasswordHash], [a].[PhoneNumber], [a].[PhoneNumberConfirmed], [a].[SecurityStamp], [a].[TwoFactorEnabled], [a].[UserName]
FROM [AspNetUsers] AS [a]
WHERE [a].[NormalizedUserName] = @__normalizedUserName_0
2026-09-08 17:47:23.338 +03:00 [INF] Executed DbCommand (2ms) [Parameters=[@p0='?' (Size = 450), @p1='?' (Size = 450)], CommandType='"Text"', CommandTimeout='30']
SET NOCOUNT ON;
INSERT INTO [AspNetUserRoles] ([RoleId], [UserId])
VALUES (@p0, @p1);
2026-09-08 17:47:23.366 +03:00 [INF] Executed DbCommand (26ms) [Parameters=[@p15='?' (Size = 450), @p0='?' (DbType = Int32), @p1='?' (Size = 4000), @p16='?' (Size = 4000), @p2='?' (Size = 256), @p3='?' (DbType = Boolean), @p4='?' (Size = 4000), @p5='?' (DbType = Boolean), @p6='?' (DbType = DateTimeOffset), @p7='?' (Size = 256), @p8='?' (Size = 256), @p9='?' (Size = 4000), @p10='?' (Size = 4000), @p11='?' (DbType = Boolean), @p12='?' (Size = 4000), @p13='?' (DbType = Boolean), @p14='?' (Size = 256)], CommandType='"Text"', CommandTimeout='30']
SET NOCOUNT ON;
UPDATE [AspNetUsers] SET [AccessFailedCount] = @p0, [ConcurrencyStamp] = @p1, [Email] = @p2, [EmailConfirmed] = @p3, [FullName] = @p4, [LockoutEnabled] = @p5, [LockoutEnd] = @p6, [NormalizedEmail] = @p7, [NormalizedUserName] = @p8, [PasswordHash] = @p9, [PhoneNumber] = @p10, [PhoneNumberConfirmed] = @p11, [SecurityStamp] = @p12, [TwoFactorEnabled] = @p13, [UserName] = @p14
WHERE [Id] = @p15 AND [ConcurrencyStamp] = @p16;
SELECT @@ROWCOUNT;
2026-09-08 17:47:23.374 +03:00 [INF] Executing OkObjectResult, writing value of type 'CoffeeStoreApi.Common.Response`1[[CoffeeStoreApi.Dtos.RegisterDto, CoffeeStoreApi, Version=1.0.0.0, Culture=neutral, PublicKeyToken=null]]'.
2026-09-08 17:47:23.379 +03:00 [INF] Executed action CoffeeStoreApi.Controllers.AuthController.Register (CoffeeStoreApi) in 376.9707ms
2026-09-08 17:47:23.379 +03:00 [INF] Executed endpoint 'CoffeeStoreApi.Controllers.AuthController.Register (CoffeeStoreApi)'
2026-09-08 17:47:23.381 +03:00 [INF] Request finished HTTP/1.1 POST https://localhost:7143/api/Auth/register - 200 null application/json; charset=utf-8 478.8241ms
2026-09-08 17:47:29.083 +03:00 [INF] Request starting HTTP/1.1 POST https://localhost:7143/api/Auth/register - multipart/form-data; boundary=--------------------------640134879430447994474735 542
2026-09-08 17:47:29.090 +03:00 [INF] Executing endpoint 'CoffeeStoreApi.Controllers.AuthController.Register (CoffeeStoreApi)'
2026-09-08 17:47:29.090 +03:00 [INF] Route matched with {action = "Register", controller = "Auth"}. Executing controller action with signature System.Threading.Tasks.Task`1[Microsoft.AspNetCore.Mvc.IActionResult] Register(CoffeeStoreApi.Dtos.RegisterDto) on controller CoffeeStoreApi.Controllers.AuthController (CoffeeStoreApi).
2026-09-08 17:47:29.110 +03:00 [INF] Entity Framework Core 6.0.0 initialized 'ApplicationDbContext' using provider 'Microsoft.EntityFrameworkCore.SqlServer:6.0.0' with options: None
2026-09-08 17:47:29.131 +03:00 [INF] Executed DbCommand (18ms) [Parameters=[@__normalizedEmail_0='?' (Size = 256)], CommandType='"Text"', CommandTimeout='30']
SELECT TOP(2) [a].[Id], [a].[AccessFailedCount], [a].[ConcurrencyStamp], [a].[Email], [a].[EmailConfirmed], [a].[FullName], [a].[LockoutEnabled], [a].[LockoutEnd], [a].[NormalizedEmail], [a].[NormalizedUserName], [a].[PasswordHash], [a].[PhoneNumber], [a].[PhoneNumberConfirmed], [a].[SecurityStamp], [a].[TwoFactorEnabled], [a].[UserName]
FROM [AspNetUsers] AS [a]
WHERE [a].[NormalizedEmail] = @__normalizedEmail_0
2026-09-08 17:47:29.218 +03:00 [INF] Executed DbCommand (4ms) [Parameters=[@__normalizedUserName_0='?' (Size = 256)], CommandType='"Text"', CommandTimeout='30']
SELECT TOP(1) [a].[Id], [a].[AccessFailedCount], [a].[ConcurrencyStamp], [a].[Email], [a].[EmailConfirmed], [a].[FullName], [a].[LockoutEnabled], [a].[LockoutEnd], [a].[NormalizedEmail], [a].[NormalizedUserName], [a].[PasswordHash], [a].[PhoneNumber], [a].[PhoneNumberConfirmed], [a].[SecurityStamp], [a].[TwoFactorEnabled], [a].[UserName]
FROM [AspNetUsers] AS [a]
WHERE [a].[NormalizedUserName] = @__normalizedUserName_0
2026-09-08 17:47:29.220 +03:00 [INF] Executing BadRequestObjectResult, writing value of type 'CoffeeStoreApi.Common.Response`1[[CoffeeStoreApi.Dtos.RegisterDto, CoffeeStoreApi, Version=1.0.0.0, Culture=neutral, PublicKeyToken=null]]'.
2026-09-08 17:47:29.220 +03:00 [INF] Executed action CoffeeStoreApi.Controllers.AuthController.Register (CoffeeStoreApi) in 129.866ms
2026-09-08 17:47:29.220 +03:00 [INF] Executed endpoint 'CoffeeStoreApi.Controllers.AuthController.Register (CoffeeStoreApi)'
2026-09-08 17:47:29.220 +03:00 [INF] Request finished HTTP/1.1 POST https://localhost:7143/api/Auth/register - 400 null application/json; charset=utf-8 137.1178ms
2026-09-08 17:47:35.740 +03:00 [INF] Request starting HTTP/1.1 POST https://localhost:7143/api/Auth/register - multipart/form-data; boundary=--------------------------985734051758310639016656 544
2026-09-08 17:47:35.744 +03:00 [INF] Executing endpoint 'CoffeeStoreApi.Controllers.AuthController.Register (CoffeeStoreApi)'
2026-09-08 17:47:35.744 +03:00 [INF] Route matched with {action = "Register", controller = "Auth"}. Executing controller action with signature System.Threading.Tasks.Task`1[Microsoft.AspNetCore.Mvc.IActionResult] Register(CoffeeStoreApi.Dtos.RegisterDto) on controller CoffeeStoreApi.Controllers.AuthController (CoffeeStoreApi).
2026-09-08 17:47:35.767 +03:00 [INF] Entity Framework Core 6.0.0 initialized 'ApplicationDbContext' using provider 'Microsoft.EntityFrameworkCore.SqlServer:6.0.0' with options: None
2026-09-08 17:47:35.773 +03:00 [INF] Executed DbCommand (6ms) [Parameters=[@__normalizedEmail_0='?' (Size = 256)], CommandType='"Text"', CommandTimeout='30']
SELECT TOP(2) [a].[Id], [a].[AccessFailedCount], [a].[ConcurrencyStamp], [a].[Email], [a].[EmailConfirmed], [a].[FullName], [a].[LockoutEnabled], [a].[LockoutEnd], [a].[NormalizedEmail], [a].[NormalizedUserName], [a].[PasswordHash], [a].[PhoneNumber], [a].[PhoneNumberConfirmed], [a].[SecurityStamp], [a].[TwoFactorEnabled], [a].[UserName]
FROM [AspNetUsers] AS [a]
WHERE [a].[NormalizedEmail] = @__normalizedEmail_0
2026-09-08 17:47:35.857 +03:00 [INF] Executed DbCommand (5ms) [Parameters=[@__normalizedUserName_0='?' (Size = 256)], CommandType='"Text"', CommandTimeout='30']
SELECT TOP(1) [a].[Id], [a].[AccessFailedCount], [a].[ConcurrencyStamp], [a].[Email], [a].[EmailConfirmed], [a].[FullName], [a].[LockoutEnabled], [a].[LockoutEnd], [a].[NormalizedEmail], [a].[NormalizedUserName], [a].[PasswordHash], [a].[PhoneNumber], [a].[PhoneNumberConfirmed], [a].[SecurityStamp], [a].[TwoFactorEnabled], [a].[UserName]
FROM [AspNetUsers] AS [a]
WHERE [a].[NormalizedUserName] = @__normalizedUserName_0
2026-09-08 17:47:35.864 +03:00 [INF] Executed DbCommand (3ms) [Parameters=[@p0='?' (Size = 450), @p1='?' (DbType = Int32), @p2='?' (Size = 4000), @p3='?' (Size = 256), @p4='?' (DbType = Boolean), @p5='?' (Size = 4000), @p6='?' (DbType = Boolean), @p7='?' (DbType = DateTimeOffset), @p8='?' (Size = 256), @p9='?' (Size = 256), @p10='?' (Size = 4000), @p11='?' (Size = 4000), @p12='?' (DbType = Boolean), @p13='?' (Size = 4000), @p14='?' (DbType = Boolean), @p15='?' (Size = 256)], CommandType='"Text"', CommandTimeout='30']
SET NOCOUNT ON;
INSERT INTO [AspNetUsers] ([Id], [AccessFailedCount], [ConcurrencyStamp], [Email], [EmailConfirmed], [FullName], [LockoutEnabled], [LockoutEnd], [NormalizedEmail], [NormalizedUserName], [PasswordHash], [PhoneNumber], [PhoneNumberConfirmed], [SecurityStamp], [TwoFactorEnabled], [UserName])
VALUES (@p0, @p1, @p2, @p3, @p4, @p5, @p6, @p7, @p8, @p9, @p10, @p11, @p12, @p13, @p14, @p15);
2026-09-08 17:47:35.876 +03:00 [INF] Executed DbCommand (4ms) [Parameters=[@__normalizedName_0='?' (Size = 256)], CommandType='"Text"', CommandTimeout='30']
SELECT TOP(1) [a].[Id], [a].[ConcurrencyStamp], [a].[Name], [a].[NormalizedName]
FROM [AspNetRoles] AS [a]
WHERE [a].[NormalizedName] = @__normalizedName_0
2026-09-08 17:47:35.882 +03:00 [INF] Executed DbCommand (5ms) [Parameters=[@__normalizedRoleName_0='?' (Size = 256)], CommandType='"Text"', CommandTimeout='30']
SELECT TOP(2) [a].[Id], [a].[ConcurrencyStamp], [a].[Name], [a].[NormalizedName]
FROM [AspNetRoles] AS [a]
WHERE [a].[NormalizedName] = @__normalizedRoleName_0
2026-09-08 17:47:35.906 +03:00 [INF] Executed DbCommand (21ms) [Parameters=[@__p_0='?' (Size = 450), @__p_1='?' (Size = 450)], CommandType='"Text"', CommandTimeout='30']
SELECT TOP(1) [a].[UserId], [a].[RoleId]
FROM [AspNetUserRoles] AS [a]
WHERE ([a].[UserId] = @__p_0) AND ([a].[RoleId] = @__p_1)
2026-09-08 17:47:35.963 +03:00 [INF] Executed DbCommand (54ms) [Parameters=[@__normalizedRoleName_0='?' (Size = 256)], CommandType='"Text"', CommandTimeout='30']
SELECT TOP(2) [a].[Id], [a].[ConcurrencyStamp], [a].[Name], [a].[NormalizedName]
FROM [AspNetRoles] AS [a]
WHERE [a].[NormalizedName] = @__normalizedRoleName_0
2026-09-08 17:47:36.062 +03:00 [INF] Executed DbCommand (73ms) [Parameters=[@__normalizedUserName_0='?' (Size = 256)], CommandType='"Text"', CommandTimeout='30']
SELECT TOP(1) [a].[Id], [a].[AccessFailedCount], [a].[ConcurrencyStamp], [a].[Email], [a].[EmailConfirmed], [a].[FullName], [a].[LockoutEnabled], [a].[LockoutEnd], [a].[NormalizedEmail], [a].[NormalizedUserName], [a].[PasswordHash], [a].[PhoneNumber], [a].[PhoneNumberConfirmed], [a].[SecurityStamp], [a].[TwoFactorEnabled], [a].[UserName]
FROM [AspNetUsers] AS [a]
WHERE [a].[NormalizedUserName] = @__normalizedUserName_0
2026-09-08 17:47:36.070 +03:00 [INF] Executed DbCommand (2ms) [Parameters=[@p0='?' (Size = 450), @p1='?' (Size = 450)], CommandType='"Text"', CommandTimeout='30']
SET NOCOUNT ON;
INSERT INTO [AspNetUserRoles] ([RoleId], [UserId])
VALUES (@p0, @p1);
2026-09-08 17:47:36.072 +03:00 [INF] Executed DbCommand (2ms) [Parameters=[@p15='?' (Size = 450), @p0='?' (DbType = Int32), @p1='?' (Size = 4000), @p16='?' (Size = 4000), @p2='?' (Size = 256), @p3='?' (DbType = Boolean), @p4='?' (Size = 4000), @p5='?' (DbType = Boolean), @p6='?' (DbType = DateTimeOffset), @p7='?' (Size = 256), @p8='?' (Size = 256), @p9='?' (Size = 4000), @p10='?' (Size = 4000), @p11='?' (DbType = Boolean), @p12='?' (Size = 4000), @p13='?' (DbType = Boolean), @p14='?' (Size = 256)], CommandType='"Text"', CommandTimeout='30']
SET NOCOUNT ON;
UPDATE [AspNetUsers] SET [AccessFailedCount] = @p0, [ConcurrencyStamp] = @p1, [Email] = @p2, [EmailConfirmed] = @p3, [FullName] = @p4, [LockoutEnabled] = @p5, [LockoutEnd] = @p6, [NormalizedEmail] = @p7, [NormalizedUserName] = @p8, [PasswordHash] = @p9, [PhoneNumber] = @p10, [PhoneNumberConfirmed] = @p11, [SecurityStamp] = @p12, [TwoFactorEnabled] = @p13, [UserName] = @p14
WHERE [Id] = @p15 AND [ConcurrencyStamp] = @p16;
SELECT @@ROWCOUNT;
2026-09-08 17:47:36.075 +03:00 [INF] Executing OkObjectResult, writing value of type 'CoffeeStoreApi.Common.Response`1[[CoffeeStoreApi.Dtos.RegisterDto, CoffeeStoreApi, Version=1.0.0.0, Culture=neutral, PublicKeyToken=null]]'.
2026-09-08 17:47:36.076 +03:00 [INF] Executed action CoffeeStoreApi.Controllers.AuthController.Register (CoffeeStoreApi) in 331.5283ms
2026-09-08 17:47:36.076 +03:00 [INF] Executed endpoint 'CoffeeStoreApi.Controllers.AuthController.Register (CoffeeStoreApi)'
2026-09-08 17:47:36.076 +03:00 [INF] Request finished HTTP/1.1 POST https://localhost:7143/api/Auth/register - 200 null application/json; charset=utf-8 335.8323ms
2026-09-08 17:47:40.020 +03:00 [INF] Request starting HTTP/1.1 POST https://localhost:7143/api/Auth/register - multipart/form-data; boundary=--------------------------985734051758310639016656 544
2026-09-08 17:47:40.021 +03:00 [INF] Executing endpoint 'CoffeeStoreApi.Controllers.AuthController.Register (CoffeeStoreApi)'
2026-09-08 17:47:40.021 +03:00 [INF] Route matched with {action = "Register", controller = "Auth"}. Executing controller action with signature System.Threading.Tasks.Task`1[Microsoft.AspNetCore.Mvc.IActionResult] Register(CoffeeStoreApi.Dtos.RegisterDto) on controller CoffeeStoreApi.Controllers.AuthController (CoffeeStoreApi).
2026-09-08 17:47:40.024 +03:00 [INF] Entity Framework Core 6.0.0 initialized 'ApplicationDbContext' using provider 'Microsoft.EntityFrameworkCore.SqlServer:6.0.0' with options: None
2026-09-08 17:47:40.029 +03:00 [INF] Executed DbCommand (3ms) [Parameters=[@__normalizedEmail_0='?' (Size = 256)], CommandType='"Text"', CommandTimeout='30']
SELECT TOP(2) [a].[Id], [a].[AccessFailedCount], [a].[ConcurrencyStamp], [a].[Email], [a].[EmailConfirmed], [a].[FullName], [a].[LockoutEnabled], [a].[LockoutEnd], [a].[NormalizedEmail], [a].[NormalizedUserName], [a].[PasswordHash], [a].[PhoneNumber], [a].[PhoneNumberConfirmed], [a].[SecurityStamp], [a].[TwoFactorEnabled], [a].[UserName]
FROM [AspNetUsers] AS [a]
WHERE [a].[NormalizedEmail] = @__normalizedEmail_0
2026-09-08 17:47:40.078 +03:00 [INF] Executing BadRequestObjectResult, writing value of type 'CoffeeStoreApi.Common.Response`1[[CoffeeStoreApi.Dtos.RegisterDto, CoffeeStoreApi, Version=1.0.0.0, Culture=neutral, PublicKeyToken=null]]'.
2026-09-08 17:47:40.078 +03:00 [INF] Executed action CoffeeStoreApi.Controllers.AuthController.Register (CoffeeStoreApi) in 57.1152ms
2026-09-08 17:47:40.078 +03:00 [INF] Executed endpoint 'CoffeeStoreApi.Controllers.AuthController.Register (CoffeeStoreApi)'
2026-09-08 17:47:40.079 +03:00 [INF] Request finished HTTP/1.1 POST https://localhost:7143/api/Auth/register - 400 null application/json; charset=utf-8 58.2609ms
2026-09-08 17:48:41.208 +03:00 [INF] User profile is available. Using '/Users/terminal/.aspnet/DataProtection-Keys' as key repository; keys will not be encrypted at rest.
2026-09-08 17:48:41.564 +03:00 [WRN] No store type was specified for the decimal property 'Amount' on entity type 'Payment'. This will cause values to be silently truncated if they do not fit in the default precision and scale. Explicitly specify the SQL server column type that can accommodate all the values in 'OnModelCreating' using 'HasColumnType', specify precision and scale using 'HasPrecision', or configure a value converter using 'HasConversion'.
2026-09-08 17:48:41.630 +03:00 [INF] Entity Framework Core 6.0.0 initialized 'ApplicationDbContext' using provider 'Microsoft.EntityFrameworkCore.SqlServer:6.0.0' with options: None
2026-09-08 17:48:41.954 +03:00 [INF] Executed DbCommand (30ms) [Parameters=[@__normalizedName_0='?' (Size = 256)], CommandType='"Text"', CommandTimeout='30']
SELECT TOP(1) [a].[Id], [a].[ConcurrencyStamp], [a].[Name], [a].[NormalizedName]
FROM [AspNetRoles] AS [a]
WHERE [a].[NormalizedName] = @__normalizedName_0
2026-09-08 17:48:41.992 +03:00 [INF] Executed DbCommand (3ms) [Parameters=[@__normalizedName_0='?' (Size = 256)], CommandType='"Text"', CommandTimeout='30']
SELECT TOP(1) [a].[Id], [a].[ConcurrencyStamp], [a].[Name], [a].[NormalizedName]
FROM [AspNetRoles] AS [a]
WHERE [a].[NormalizedName] = @__normalizedName_0
2026-09-08 17:48:41.996 +03:00 [INF] Executed DbCommand (2ms) [Parameters=[@__normalizedName_0='?' (Size = 256)], CommandType='"Text"', CommandTimeout='30']
SELECT TOP(1) [a].[Id], [a].[ConcurrencyStamp], [a].[Name], [a].[NormalizedName]
FROM [AspNetRoles] AS [a]
WHERE [a].[NormalizedName] = @__normalizedName_0
2026-09-08 17:48:42.015 +03:00 [INF] Executed DbCommand (2ms) [Parameters=[@__role_Id_0='?' (Size = 450)], CommandType='"Text"', CommandTimeout='30']
SELECT [a].[ClaimType], [a].[ClaimValue]
FROM [AspNetRoleClaims] AS [a]
WHERE [a].[RoleId] = @__role_Id_0
2026-09-08 17:48:42.018 +03:00 [INF] Executed DbCommand (1ms) [Parameters=[@__normalizedName_0='?' (Size = 256)], CommandType='"Text"', CommandTimeout='30']
SELECT TOP(1) [a].[Id], [a].[ConcurrencyStamp], [a].[Name], [a].[NormalizedName]
FROM [AspNetRoles] AS [a]
WHERE [a].[NormalizedName] = @__normalizedName_0
2026-09-08 17:48:42.020 +03:00 [INF] Executed DbCommand (1ms) [Parameters=[@__role_Id_0='?' (Size = 450)], CommandType='"Text"', CommandTimeout='30']
SELECT [a].[ClaimType], [a].[ClaimValue]
FROM [AspNetRoleClaims] AS [a]
WHERE [a].[RoleId] = @__role_Id_0
2026-09-08 17:48:42.027 +03:00 [INF] Executed DbCommand (2ms) [Parameters=[@__normalizedEmail_0='?' (Size = 256)], CommandType='"Text"', CommandTimeout='30']
SELECT TOP(2) [a].[Id], [a].[AccessFailedCount], [a].[ConcurrencyStamp], [a].[Email], [a].[EmailConfirmed], [a].[FullName], [a].[LockoutEnabled], [a].[LockoutEnd], [a].[NormalizedEmail], [a].[NormalizedUserName], [a].[PasswordHash], [a].[PhoneNumber], [a].[PhoneNumberConfirmed], [a].[SecurityStamp], [a].[TwoFactorEnabled], [a].[UserName]
FROM [AspNetUsers] AS [a]
WHERE [a].[NormalizedEmail] = @__normalizedEmail_0
2026-09-08 17:48:42.280 +03:00 [INF] Now listening on: https://localhost:7143
2026-09-08 17:48:42.280 +03:00 [INF] Now listening on: http://localhost:5042
2026-09-08 17:48:42.282 +03:00 [INF] Application started. Press Ctrl+C to shut down.
2026-09-08 17:48:42.282 +03:00 [INF] Hosting environment: Development
2026-09-08 17:48:42.282 +03:00 [INF] Content root path: /Users/terminal/Projects/SoreApi-main/CoffeeStoreApi
2026-09-08 17:48:43.532 +03:00 [INF] Request starting HTTP/2 GET https://localhost:7143/swagger/index.html - null null
2026-09-08 17:48:43.599 +03:00 [INF] Request finished HTTP/2 GET https://localhost:7143/swagger/index.html - 200 null text/html;charset=utf-8 67.9442ms
2026-09-08 17:48:43.682 +03:00 [INF] Request starting HTTP/2 GET https://localhost:7143/swagger/v1/swagger.json - null null
2026-09-08 17:48:43.748 +03:00 [INF] Request finished HTTP/2 GET https://localhost:7143/swagger/v1/swagger.json - 200 null application/json;charset=utf-8 66.2255ms
2026-09-08 17:48:46.606 +03:00 [INF] Request starting HTTP/1.1 POST https://localhost:7143/api/Auth/register - multipart/form-data; boundary=--------------------------985734051758310639016656 544
2026-09-08 17:48:46.669 +03:00 [INF] Executing endpoint 'CoffeeStoreApi.Controllers.AuthController.Register (CoffeeStoreApi)'
2026-09-08 17:48:46.680 +03:00 [INF] Route matched with {action = "Register", controller = "Auth"}. Executing controller action with signature System.Threading.Tasks.Task`1[Microsoft.AspNetCore.Mvc.IActionResult] Register(CoffeeStoreApi.Dtos.RegisterDto) on controller CoffeeStoreApi.Controllers.AuthController (CoffeeStoreApi).
2026-09-08 17:48:46.741 +03:00 [INF] Entity Framework Core 6.0.0 initialized 'ApplicationDbContext' using provider 'Microsoft.EntityFrameworkCore.SqlServer:6.0.0' with options: None
2026-09-08 17:48:46.744 +03:00 [INF] Executed DbCommand (3ms) [Parameters=[@__normalizedEmail_0='?' (Size = 256)], CommandType='"Text"', CommandTimeout='30']
SELECT TOP(2) [a].[Id], [a].[AccessFailedCount], [a].[ConcurrencyStamp], [a].[Email], [a].[EmailConfirmed], [a].[FullName], [a].[LockoutEnabled], [a].[LockoutEnd], [a].[NormalizedEmail], [a].[NormalizedUserName], [a].[PasswordHash], [a].[PhoneNumber], [a].[PhoneNumberConfirmed], [a].[SecurityStamp], [a].[TwoFactorEnabled], [a].[UserName]
FROM [AspNetUsers] AS [a]
WHERE [a].[NormalizedEmail] = @__normalizedEmail_0
2026-09-08 17:48:46.751 +03:00 [INF] Executing BadRequestObjectResult, writing value of type 'CoffeeStoreApi.Common.Response`1[[CoffeeStoreApi.Dtos.RegisterDto, CoffeeStoreApi, Version=1.0.0.0, Culture=neutral, PublicKeyToken=null]]'.
2026-09-08 17:48:46.757 +03:00 [INF] Executed action CoffeeStoreApi.Controllers.AuthController.Register (CoffeeStoreApi) in 74.8252ms
2026-09-08 17:48:46.757 +03:00 [INF] Executed endpoint 'CoffeeStoreApi.Controllers.AuthController.Register (CoffeeStoreApi)'
2026-09-08 17:48:46.758 +03:00 [INF] Request finished HTTP/1.1 POST https://localhost:7143/api/Auth/register - 400 null application/json; charset=utf-8 152.748ms
2026-09-08 17:48:48.101 +03:00 [INF] Request starting HTTP/1.1 POST https://localhost:7143/api/Auth/register - multipart/form-data; boundary=--------------------------985734051758310639016656 544
2026-09-08 17:48:48.107 +03:00 [INF] Executing endpoint 'CoffeeStoreApi.Controllers.AuthController.Register (CoffeeStoreApi)'
2026-09-08 17:48:48.107 +03:00 [INF] Route matched with {action = "Register", controller = "Auth"}. Executing controller action with signature System.Threading.Tasks.Task`1[Microsoft.AspNetCore.Mvc.IActionResult] Register(CoffeeStoreApi.Dtos.RegisterDto) on controller CoffeeStoreApi.Controllers.AuthController (CoffeeStoreApi).
2026-09-08 17:48:48.123 +03:00 [INF] Entity Framework Core 6.0.0 initialized 'ApplicationDbContext' using provider 'Microsoft.EntityFrameworkCore.SqlServer:6.0.0' with options: None
2026-09-08 17:48:48.153 +03:00 [INF] Executed DbCommand (29ms) [Parameters=[@__normalizedEmail_0='?' (Size = 256)], CommandType='"Text"', CommandTimeout='30']
SELECT TOP(2) [a].[Id], [a].[AccessFailedCount], [a].[ConcurrencyStamp], [a].[Email], [a].[EmailConfirmed], [a].[FullName], [a].[LockoutEnabled], [a].[LockoutEnd], [a].[NormalizedEmail], [a].[NormalizedUserName], [a].[PasswordHash], [a].[PhoneNumber], [a].[PhoneNumberConfirmed], [a].[SecurityStamp], [a].[TwoFactorEnabled], [a].[UserName]
FROM [AspNetUsers] AS [a]
WHERE [a].[NormalizedEmail] = @__normalizedEmail_0
2026-09-08 17:48:48.155 +03:00 [INF] Executing BadRequestObjectResult, writing value of type 'CoffeeStoreApi.Common.Response`1[[CoffeeStoreApi.Dtos.RegisterDto, CoffeeStoreApi, Version=1.0.0.0, Culture=neutral, PublicKeyToken=null]]'.
2026-09-08 17:48:48.156 +03:00 [INF] Executed action CoffeeStoreApi.Controllers.AuthController.Register (CoffeeStoreApi) in 48.4708ms
2026-09-08 17:48:48.156 +03:00 [INF] Executed endpoint 'CoffeeStoreApi.Controllers.AuthController.Register (CoffeeStoreApi)'
2026-09-08 17:48:48.156 +03:00 [INF] Request finished HTTP/1.1 POST https://localhost:7143/api/Auth/register - 400 null application/json; charset=utf-8 55.118ms
2026-09-08 17:48:55.682 +03:00 [INF] Request starting HTTP/1.1 POST https://localhost:7143/api/Auth/register - multipart/form-data; boundary=--------------------------594410449042303561161886 545
2026-09-08 17:48:55.687 +03:00 [INF] Executing endpoint 'CoffeeStoreApi.Controllers.AuthController.Register (CoffeeStoreApi)'
2026-09-08 17:48:55.687 +03:00 [INF] Route matched with {action = "Register", controller = "Auth"}. Executing controller action with signature System.Threading.Tasks.Task`1[Microsoft.AspNetCore.Mvc.IActionResult] Register(CoffeeStoreApi.Dtos.RegisterDto) on controller CoffeeStoreApi.Controllers.AuthController (CoffeeStoreApi).
2026-09-08 17:48:55.701 +03:00 [INF] Entity Framework Core 6.0.0 initialized 'ApplicationDbContext' using provider 'Microsoft.EntityFrameworkCore.SqlServer:6.0.0' with options: None
2026-09-08 17:48:55.730 +03:00 [INF] Executed DbCommand (28ms) [Parameters=[@__normalizedEmail_0='?' (Size = 256)], CommandType='"Text"', CommandTimeout='30']
SELECT TOP(2) [a].[Id], [a].[AccessFailedCount], [a].[ConcurrencyStamp], [a].[Email], [a].[EmailConfirmed], [a].[FullName], [a].[LockoutEnabled], [a].[LockoutEnd], [a].[NormalizedEmail], [a].[NormalizedUserName], [a].[PasswordHash], [a].[PhoneNumber], [a].[PhoneNumberConfirmed], [a].[SecurityStamp], [a].[TwoFactorEnabled], [a].[UserName]
FROM [AspNetUsers] AS [a]
WHERE [a].[NormalizedEmail] = @__normalizedEmail_0
2026-09-08 17:48:55.819 +03:00 [INF] Executed DbCommand (3ms) [Parameters=[@__normalizedUserName_0='?' (Size = 256)], CommandType='"Text"', CommandTimeout='30']
SELECT TOP(1) [a].[Id], [a].[AccessFailedCount], [a].[ConcurrencyStamp], [a].[Email], [a].[EmailConfirmed], [a].[FullName], [a].[LockoutEnabled], [a].[LockoutEnd], [a].[NormalizedEmail], [a].[NormalizedUserName], [a].[PasswordHash], [a].[PhoneNumber], [a].[PhoneNumberConfirmed], [a].[SecurityStamp], [a].[TwoFactorEnabled], [a].[UserName]
FROM [AspNetUsers] AS [a]
WHERE [a].[NormalizedUserName] = @__normalizedUserName_0
2026-09-08 17:48:55.848 +03:00 [INF] Executing BadRequestObjectResult, writing value of type 'CoffeeStoreApi.Common.Response`1[[CoffeeStoreApi.Dtos.RegisterDto, CoffeeStoreApi, Version=1.0.0.0, Culture=neutral, PublicKeyToken=null]]'.
2026-09-08 17:48:55.848 +03:00 [INF] Executed action CoffeeStoreApi.Controllers.AuthController.Register (CoffeeStoreApi) in 161.2199ms
2026-09-08 17:48:55.849 +03:00 [INF] Executed endpoint 'CoffeeStoreApi.Controllers.AuthController.Register (CoffeeStoreApi)'
2026-09-08 17:48:55.849 +03:00 [INF] Request finished HTTP/1.1 POST https://localhost:7143/api/Auth/register - 400 null application/json; charset=utf-8 166.8355ms
2026-09-08 17:49:21.614 +03:00 [INF] User profile is available. Using '/Users/terminal/.aspnet/DataProtection-Keys' as key repository; keys will not be encrypted at rest.
2026-09-08 17:49:21.947 +03:00 [WRN] No store type was specified for the decimal property 'Amount' on entity type 'Payment'. This will cause values to be silently truncated if they do not fit in the default precision and scale. Explicitly specify the SQL server column type that can accommodate all the values in 'OnModelCreating' using 'HasColumnType', specify precision and scale using 'HasPrecision', or configure a value converter using 'HasConversion'.
2026-09-08 17:49:22.009 +03:00 [INF] Entity Framework Core 6.0.0 initialized 'ApplicationDbContext' using provider 'Microsoft.EntityFrameworkCore.SqlServer:6.0.0' with options: None
2026-09-08 17:49:22.338 +03:00 [INF] Executed DbCommand (25ms) [Parameters=[@__normalizedName_0='?' (Size = 256)], CommandType='"Text"', CommandTimeout='30']
SELECT TOP(1) [a].[Id], [a].[ConcurrencyStamp], [a].[Name], [a].[NormalizedName]
FROM [AspNetRoles] AS [a]
WHERE [a].[NormalizedName] = @__normalizedName_0
2026-09-08 17:49:22.380 +03:00 [INF] Executed DbCommand (3ms) [Parameters=[@__normalizedName_0='?' (Size = 256)], CommandType='"Text"', CommandTimeout='30']
SELECT TOP(1) [a].[Id], [a].[ConcurrencyStamp], [a].[Name], [a].[NormalizedName]
FROM [AspNetRoles] AS [a]
WHERE [a].[NormalizedName] = @__normalizedName_0
2026-09-08 17:49:22.385 +03:00 [INF] Executed DbCommand (3ms) [Parameters=[@__normalizedName_0='?' (Size = 256)], CommandType='"Text"', CommandTimeout='30']
SELECT TOP(1) [a].[Id], [a].[ConcurrencyStamp], [a].[Name], [a].[NormalizedName]
FROM [AspNetRoles] AS [a]
WHERE [a].[NormalizedName] = @__normalizedName_0
2026-09-08 17:49:22.405 +03:00 [INF] Executed DbCommand (2ms) [Parameters=[@__role_Id_0='?' (Size = 450)], CommandType='"Text"', CommandTimeout='30']
SELECT [a].[ClaimType], [a].[ClaimValue]
FROM [AspNetRoleClaims] AS [a]
WHERE [a].[RoleId] = @__role_Id_0
2026-09-08 17:49:22.407 +03:00 [INF] Executed DbCommand (1ms) [Parameters=[@__normalizedName_0='?' (Size = 256)], CommandType='"Text"', CommandTimeout='30']
SELECT TOP(1) [a].[Id], [a].[ConcurrencyStamp], [a].[Name], [a].[NormalizedName]
FROM [AspNetRoles] AS [a]
WHERE [a].[NormalizedName] = @__normalizedName_0
2026-09-08 17:49:22.431 +03:00 [INF] Executed DbCommand (23ms) [Parameters=[@__role_Id_0='?' (Size = 450)], CommandType='"Text"', CommandTimeout='30']
SELECT [a].[ClaimType], [a].[ClaimValue]
FROM [AspNetRoleClaims] AS [a]
WHERE [a].[RoleId] = @__role_Id_0
2026-09-08 17:49:22.440 +03:00 [INF] Executed DbCommand (3ms) [Parameters=[@__normalizedEmail_0='?' (Size = 256)], CommandType='"Text"', CommandTimeout='30']
SELECT TOP(2) [a].[Id], [a].[AccessFailedCount], [a].[ConcurrencyStamp], [a].[Email], [a].[EmailConfirmed], [a].[FullName], [a].[LockoutEnabled], [a].[LockoutEnd], [a].[NormalizedEmail], [a].[NormalizedUserName], [a].[PasswordHash], [a].[PhoneNumber], [a].[PhoneNumberConfirmed], [a].[SecurityStamp], [a].[TwoFactorEnabled], [a].[UserName]
FROM [AspNetUsers] AS [a]
WHERE [a].[NormalizedEmail] = @__normalizedEmail_0
2026-09-08 17:49:22.693 +03:00 [INF] Now listening on: https://localhost:7143
2026-09-08 17:49:22.693 +03:00 [INF] Now listening on: http://localhost:5042
2026-09-08 17:49:22.695 +03:00 [INF] Application started. Press Ctrl+C to shut down.
2026-09-08 17:49:22.695 +03:00 [INF] Hosting environment: Development
2026-09-08 17:49:22.695 +03:00 [INF] Content root path: /Users/terminal/Projects/SoreApi-main/CoffeeStoreApi
2026-09-08 17:49:23.912 +03:00 [INF] Request starting HTTP/2 GET https://localhost:7143/swagger/index.html - null null
2026-09-08 17:49:23.979 +03:00 [INF] Request finished HTTP/2 GET https://localhost:7143/swagger/index.html - 200 null text/html;charset=utf-8 68.0292ms
2026-09-08 17:49:24.083 +03:00 [INF] Request starting HTTP/2 GET https://localhost:7143/swagger/v1/swagger.json - null null
2026-09-08 17:49:24.147 +03:00 [INF] Request finished HTTP/2 GET https://localhost:7143/swagger/v1/swagger.json - 200 null application/json;charset=utf-8 64.3098ms
2026-09-08 17:49:54.077 +03:00 [INF] Request starting HTTP/1.1 POST https://localhost:7143/api/Auth/register - multipart/form-data; boundary=--------------------------586879156694190624597780 545
2026-09-08 17:49:54.140 +03:00 [INF] Executing endpoint 'CoffeeStoreApi.Controllers.AuthController.Register (CoffeeStoreApi)'
2026-09-08 17:49:54.151 +03:00 [INF] Route matched with {action = "Register", controller = "Auth"}. Executing controller action with signature System.Threading.Tasks.Task`1[Microsoft.AspNetCore.Mvc.IActionResult] Register(CoffeeStoreApi.Dtos.RegisterDto) on controller CoffeeStoreApi.Controllers.AuthController (CoffeeStoreApi).
2026-09-08 17:49:54.205 +03:00 [INF] Entity Framework Core 6.0.0 initialized 'ApplicationDbContext' using provider 'Microsoft.EntityFrameworkCore.SqlServer:6.0.0' with options: None
2026-09-08 17:49:54.209 +03:00 [INF] Executed DbCommand (3ms) [Parameters=[@__normalizedEmail_0='?' (Size = 256)], CommandType='"Text"', CommandTimeout='30']
SELECT TOP(2) [a].[Id], [a].[AccessFailedCount], [a].[ConcurrencyStamp], [a].[Email], [a].[EmailConfirmed], [a].[FullName], [a].[LockoutEnabled], [a].[LockoutEnd], [a].[NormalizedEmail], [a].[NormalizedUserName], [a].[PasswordHash], [a].[PhoneNumber], [a].[PhoneNumberConfirmed], [a].[SecurityStamp], [a].[TwoFactorEnabled], [a].[UserName]
FROM [AspNetUsers] AS [a]
WHERE [a].[NormalizedEmail] = @__normalizedEmail_0
2026-09-08 17:49:54.241 +03:00 [INF] Executed DbCommand (31ms) [Parameters=[@__normalizedName_0='?' (Size = 256)], CommandType='"Text"', CommandTimeout='30']
SELECT TOP(1) [a].[Id], [a].[ConcurrencyStamp], [a].[Name], [a].[NormalizedName]
FROM [AspNetRoles] AS [a]
WHERE [a].[NormalizedName] = @__normalizedName_0
2026-09-08 17:49:54.332 +03:00 [INF] Executed DbCommand (26ms) [Parameters=[@__normalizedUserName_0='?' (Size = 256)], CommandType='"Text"', CommandTimeout='30']
SELECT TOP(1) [a].[Id], [a].[AccessFailedCount], [a].[ConcurrencyStamp], [a].[Email], [a].[EmailConfirmed], [a].[FullName], [a].[LockoutEnabled], [a].[LockoutEnd], [a].[NormalizedEmail], [a].[NormalizedUserName], [a].[PasswordHash], [a].[PhoneNumber], [a].[PhoneNumberConfirmed], [a].[SecurityStamp], [a].[TwoFactorEnabled], [a].[UserName]
FROM [AspNetUsers] AS [a]
WHERE [a].[NormalizedUserName] = @__normalizedUserName_0
2026-09-08 17:49:54.340 +03:00 [INF] Executing BadRequestObjectResult, writing value of type 'CoffeeStoreApi.Common.Response`1[[CoffeeStoreApi.Dtos.RegisterDto, CoffeeStoreApi, Version=1.0.0.0, Culture=neutral, PublicKeyToken=null]]'.
2026-09-08 17:49:54.345 +03:00 [INF] Executed action CoffeeStoreApi.Controllers.AuthController.Register (CoffeeStoreApi) in 191.918ms
2026-09-08 17:49:54.346 +03:00 [INF] Executed endpoint 'CoffeeStoreApi.Controllers.AuthController.Register (CoffeeStoreApi)'
2026-09-08 17:49:54.347 +03:00 [INF] Request finished HTTP/1.1 POST https://localhost:7143/api/Auth/register - 400 null application/json; charset=utf-8 270.7114ms
2026-09-08 17:50:01.053 +03:00 [INF] Request starting HTTP/1.1 POST https://localhost:7143/api/Auth/register - multipart/form-data; boundary=--------------------------664078508281298455015260 549
2026-09-08 17:50:01.059 +03:00 [INF] Executing endpoint 'CoffeeStoreApi.Controllers.AuthController.Register (CoffeeStoreApi)'
2026-09-08 17:50:01.060 +03:00 [INF] Route matched with {action = "Register", controller = "Auth"}. Executing controller action with signature System.Threading.Tasks.Task`1[Microsoft.AspNetCore.Mvc.IActionResult] Register(CoffeeStoreApi.Dtos.RegisterDto) on controller CoffeeStoreApi.Controllers.AuthController (CoffeeStoreApi).
2026-09-08 17:50:01.077 +03:00 [INF] Entity Framework Core 6.0.0 initialized 'ApplicationDbContext' using provider 'Microsoft.EntityFrameworkCore.SqlServer:6.0.0' with options: None
2026-09-08 17:50:01.081 +03:00 [INF] Executed DbCommand (3ms) [Parameters=[@__normalizedEmail_0='?' (Size = 256)], CommandType='"Text"', CommandTimeout='30']
SELECT TOP(2) [a].[Id], [a].[AccessFailedCount], [a].[ConcurrencyStamp], [a].[Email], [a].[EmailConfirmed], [a].[FullName], [a].[LockoutEnabled], [a].[LockoutEnd], [a].[NormalizedEmail], [a].[NormalizedUserName], [a].[PasswordHash], [a].[PhoneNumber], [a].[PhoneNumberConfirmed], [a].[SecurityStamp], [a].[TwoFactorEnabled], [a].[UserName]
FROM [AspNetUsers] AS [a]
WHERE [a].[NormalizedEmail] = @__normalizedEmail_0
2026-09-08 17:50:01.104 +03:00 [INF] Executed DbCommand (22ms) [Parameters=[@__normalizedName_0='?' (Size = 256)], CommandType='"Text"', CommandTimeout='30']
SELECT TOP(1) [a].[Id], [a].[ConcurrencyStamp], [a].[Name], [a].[NormalizedName]
FROM [AspNetRoles] AS [a]
WHERE [a].[NormalizedName] = @__normalizedName_0
2026-09-08 17:50:01.192 +03:00 [INF] Executed DbCommand (26ms) [Parameters=[@__normalizedUserName_0='?' (Size = 256)], CommandType='"Text"', CommandTimeout='30']
SELECT TOP(1) [a].[Id], [a].[AccessFailedCount], [a].[ConcurrencyStamp], [a].[Email], [a].[EmailConfirmed], [a].[FullName], [a].[LockoutEnabled], [a].[LockoutEnd], [a].[NormalizedEmail], [a].[NormalizedUserName], [a].[PasswordHash], [a].[PhoneNumber], [a].[PhoneNumberConfirmed], [a].[SecurityStamp], [a].[TwoFactorEnabled], [a].[UserName]
FROM [AspNetUsers] AS [a]
WHERE [a].[NormalizedUserName] = @__normalizedUserName_0
2026-09-08 17:50:01.193 +03:00 [INF] Executing BadRequestObjectResult, writing value of type 'CoffeeStoreApi.Common.Response`1[[CoffeeStoreApi.Dtos.RegisterDto, CoffeeStoreApi, Version=1.0.0.0, Culture=neutral, PublicKeyToken=null]]'.
2026-09-08 17:50:01.193 +03:00 [INF] Executed action CoffeeStoreApi.Controllers.AuthController.Register (CoffeeStoreApi) in 133.1594ms
2026-09-08 17:50:01.193 +03:00 [INF] Executed endpoint 'CoffeeStoreApi.Controllers.AuthController.Register (CoffeeStoreApi)'
2026-09-08 17:50:01.193 +03:00 [INF] Request finished HTTP/1.1 POST https://localhost:7143/api/Auth/register - 400 null application/json; charset=utf-8 140.5372ms
2026-09-08 17:50:04.026 +03:00 [INF] Request starting HTTP/1.1 POST https://localhost:7143/api/Auth/register - multipart/form-data; boundary=--------------------------782299254511610960363639 550
2026-09-08 17:50:04.030 +03:00 [INF] Executing endpoint 'CoffeeStoreApi.Controllers.AuthController.Register (CoffeeStoreApi)'
2026-09-08 17:50:04.030 +03:00 [INF] Route matched with {action = "Register", controller = "Auth"}. Executing controller action with signature System.Threading.Tasks.Task`1[Microsoft.AspNetCore.Mvc.IActionResult] Register(CoffeeStoreApi.Dtos.RegisterDto) on controller CoffeeStoreApi.Controllers.AuthController (CoffeeStoreApi).
2026-09-08 17:50:04.043 +03:00 [INF] Entity Framework Core 6.0.0 initialized 'ApplicationDbContext' using provider 'Microsoft.EntityFrameworkCore.SqlServer:6.0.0' with options: None
2026-09-08 17:50:04.070 +03:00 [INF] Executed DbCommand (26ms) [Parameters=[@__normalizedEmail_0='?' (Size = 256)], CommandType='"Text"', CommandTimeout='30']
SELECT TOP(2) [a].[Id], [a].[AccessFailedCount], [a].[ConcurrencyStamp], [a].[Email], [a].[EmailConfirmed], [a].[FullName], [a].[LockoutEnabled], [a].[LockoutEnd], [a].[NormalizedEmail], [a].[NormalizedUserName], [a].[PasswordHash], [a].[PhoneNumber], [a].[PhoneNumberConfirmed], [a].[SecurityStamp], [a].[TwoFactorEnabled], [a].[UserName]
FROM [AspNetUsers] AS [a]
WHERE [a].[NormalizedEmail] = @__normalizedEmail_0
2026-09-08 17:50:04.075 +03:00 [INF] Executed DbCommand (2ms) [Parameters=[@__normalizedName_0='?' (Size = 256)], CommandType='"Text"', CommandTimeout='30']
SELECT TOP(1) [a].[Id], [a].[ConcurrencyStamp], [a].[Name], [a].[NormalizedName]
FROM [AspNetRoles] AS [a]
WHERE [a].[NormalizedName] = @__normalizedName_0
2026-09-08 17:50:04.143 +03:00 [INF] Executed DbCommand (2ms) [Parameters=[@__normalizedUserName_0='?' (Size = 256)], CommandType='"Text"', CommandTimeout='30']
SELECT TOP(1) [a].[Id], [a].[AccessFailedCount], [a].[ConcurrencyStamp], [a].[Email], [a].[EmailConfirmed], [a].[FullName], [a].[LockoutEnabled], [a].[LockoutEnd], [a].[NormalizedEmail], [a].[NormalizedUserName], [a].[PasswordHash], [a].[PhoneNumber], [a].[PhoneNumberConfirmed], [a].[SecurityStamp], [a].[TwoFactorEnabled], [a].[UserName]
FROM [AspNetUsers] AS [a]
WHERE [a].[NormalizedUserName] = @__normalizedUserName_0
2026-09-08 17:50:04.223 +03:00 [INF] Executed DbCommand (26ms) [Parameters=[@p0='?' (Size = 450), @p1='?' (DbType = Int32), @p2='?' (Size = 4000), @p3='?' (Size = 256), @p4='?' (DbType = Boolean), @p5='?' (Size = 4000), @p6='?' (DbType = Boolean), @p7='?' (DbType = DateTimeOffset), @p8='?' (Size = 256), @p9='?' (Size = 256), @p10='?' (Size = 4000), @p11='?' (Size = 4000), @p12='?' (DbType = Boolean), @p13='?' (Size = 4000), @p14='?' (DbType = Boolean), @p15='?' (Size = 256)], CommandType='"Text"', CommandTimeout='30']
SET NOCOUNT ON;
INSERT INTO [AspNetUsers] ([Id], [AccessFailedCount], [ConcurrencyStamp], [Email], [EmailConfirmed], [FullName], [LockoutEnabled], [LockoutEnd], [NormalizedEmail], [NormalizedUserName], [PasswordHash], [PhoneNumber], [PhoneNumberConfirmed], [SecurityStamp], [TwoFactorEnabled], [UserName])
VALUES (@p0, @p1, @p2, @p3, @p4, @p5, @p6, @p7, @p8, @p9, @p10, @p11, @p12, @p13, @p14, @p15);
2026-09-08 17:50:04.239 +03:00 [INF] Executed DbCommand (1ms) [Parameters=[@__normalizedName_0='?' (Size = 256)], CommandType='"Text"', CommandTimeout='30']
SELECT TOP(1) [a].[Id], [a].[ConcurrencyStamp], [a].[Name], [a].[NormalizedName]
FROM [AspNetRoles] AS [a]
WHERE [a].[NormalizedName] = @__normalizedName_0
2026-09-08 17:50:04.244 +03:00 [INF] Executed DbCommand (1ms) [Parameters=[@__normalizedRoleName_0='?' (Size = 256)], CommandType='"Text"', CommandTimeout='30']
SELECT TOP(2) [a].[Id], [a].[ConcurrencyStamp], [a].[Name], [a].[NormalizedName]
FROM [AspNetRoles] AS [a]
WHERE [a].[NormalizedName] = @__normalizedRoleName_0
2026-09-08 17:50:04.254 +03:00 [INF] Executed DbCommand (2ms) [Parameters=[@__p_0='?' (Size = 450), @__p_1='?' (Size = 450)], CommandType='"Text"', CommandTimeout='30']
SELECT TOP(1) [a].[UserId], [a].[RoleId]
FROM [AspNetUserRoles] AS [a]
WHERE ([a].[UserId] = @__p_0) AND ([a].[RoleId] = @__p_1)
2026-09-08 17:50:04.257 +03:00 [INF] Executed DbCommand (1ms) [Parameters=[@__normalizedRoleName_0='?' (Size = 256)], CommandType='"Text"', CommandTimeout='30']
SELECT TOP(2) [a].[Id], [a].[ConcurrencyStamp], [a].[Name], [a].[NormalizedName]
FROM [AspNetRoles] AS [a]
WHERE [a].[NormalizedName] = @__normalizedRoleName_0
2026-09-08 17:50:04.266 +03:00 [INF] Executed DbCommand (1ms) [Parameters=[@__normalizedUserName_0='?' (Size = 256)], CommandType='"Text"', CommandTimeout='30']
SELECT TOP(1) [a].[Id], [a].[AccessFailedCount], [a].[ConcurrencyStamp], [a].[Email], [a].[EmailConfirmed], [a].[FullName], [a].[LockoutEnabled], [a].[LockoutEnd], [a].[NormalizedEmail], [a].[NormalizedUserName], [a].[PasswordHash], [a].[PhoneNumber], [a].[PhoneNumberConfirmed], [a].[SecurityStamp], [a].[TwoFactorEnabled], [a].[UserName]
FROM [AspNetUsers] AS [a]
WHERE [a].[NormalizedUserName] = @__normalizedUserName_0
2026-09-08 17:50:04.346 +03:00 [INF] Executed DbCommand (22ms) [Parameters=[@p0='?' (Size = 450), @p1='?' (Size = 450)], CommandType='"Text"', CommandTimeout='30']
SET NOCOUNT ON;
INSERT INTO [AspNetUserRoles] ([RoleId], [UserId])
VALUES (@p0, @p1);
2026-09-08 17:50:04.372 +03:00 [INF] Executed DbCommand (24ms) [Parameters=[@p15='?' (Size = 450), @p0='?' (DbType = Int32), @p1='?' (Size = 4000), @p16='?' (Size = 4000), @p2='?' (Size = 256), @p3='?' (DbType = Boolean), @p4='?' (Size = 4000), @p5='?' (DbType = Boolean), @p6='?' (DbType = DateTimeOffset), @p7='?' (Size = 256), @p8='?' (Size = 256), @p9='?' (Size = 4000), @p10='?' (Size = 4000), @p11='?' (DbType = Boolean), @p12='?' (Size = 4000), @p13='?' (DbType = Boolean), @p14='?' (Size = 256)], CommandType='"Text"', CommandTimeout='30']
SET NOCOUNT ON;
UPDATE [AspNetUsers] SET [AccessFailedCount] = @p0, [ConcurrencyStamp] = @p1, [Email] = @p2, [EmailConfirmed] = @p3, [FullName] = @p4, [LockoutEnabled] = @p5, [LockoutEnd] = @p6, [NormalizedEmail] = @p7, [NormalizedUserName] = @p8, [PasswordHash] = @p9, [PhoneNumber] = @p10, [PhoneNumberConfirmed] = @p11, [SecurityStamp] = @p12, [TwoFactorEnabled] = @p13, [UserName] = @p14
WHERE [Id] = @p15 AND [ConcurrencyStamp] = @p16;
SELECT @@ROWCOUNT;
2026-09-08 17:50:04.377 +03:00 [INF] Executing OkObjectResult, writing value of type 'CoffeeStoreApi.Common.Response`1[[CoffeeStoreApi.Dtos.RegisterDto, CoffeeStoreApi, Version=1.0.0.0, Culture=neutral, PublicKeyToken=null]]'.
2026-09-08 17:50:04.378 +03:00 [INF] Executed action CoffeeStoreApi.Controllers.AuthController.Register (CoffeeStoreApi) in 347.9235ms
2026-09-08 17:50:04.378 +03:00 [INF] Executed endpoint 'CoffeeStoreApi.Controllers.AuthController.Register (CoffeeStoreApi)'
2026-09-08 17:50:04.379 +03:00 [INF] Request finished HTTP/1.1 POST https://localhost:7143/api/Auth/register - 200 null application/json; charset=utf-8 352.6763ms
2026-09-08 17:50:29.373 +03:00 [INF] User profile is available. Using '/Users/terminal/.aspnet/DataProtection-Keys' as key repository; keys will not be encrypted at rest.
2026-09-08 17:50:29.742 +03:00 [WRN] No store type was specified for the decimal property 'Amount' on entity type 'Payment'. This will cause values to be silently truncated if they do not fit in the default precision and scale. Explicitly specify the SQL server column type that can accommodate all the values in 'OnModelCreating' using 'HasColumnType', specify precision and scale using 'HasPrecision', or configure a value converter using 'HasConversion'.
2026-09-08 17:50:29.805 +03:00 [INF] Entity Framework Core 6.0.0 initialized 'ApplicationDbContext' using provider 'Microsoft.EntityFrameworkCore.SqlServer:6.0.0' with options: None
2026-09-08 17:50:30.155 +03:00 [INF] Executed DbCommand (32ms) [Parameters=[@__normalizedName_0='?' (Size = 256)], CommandType='"Text"', CommandTimeout='30']
SELECT TOP(1) [a].[Id], [a].[ConcurrencyStamp], [a].[Name], [a].[NormalizedName]
FROM [AspNetRoles] AS [a]
WHERE [a].[NormalizedName] = @__normalizedName_0
2026-09-08 17:50:30.194 +03:00 [INF] Executed DbCommand (4ms) [Parameters=[@__normalizedName_0='?' (Size = 256)], CommandType='"Text"', CommandTimeout='30']
SELECT TOP(1) [a].[Id], [a].[ConcurrencyStamp], [a].[Name], [a].[NormalizedName]
FROM [AspNetRoles] AS [a]
WHERE [a].[NormalizedName] = @__normalizedName_0
2026-09-08 17:50:30.222 +03:00 [INF] Executed DbCommand (26ms) [Parameters=[@__normalizedName_0='?' (Size = 256)], CommandType='"Text"', CommandTimeout='30']
SELECT TOP(1) [a].[Id], [a].[ConcurrencyStamp], [a].[Name], [a].[NormalizedName]
FROM [AspNetRoles] AS [a]
WHERE [a].[NormalizedName] = @__normalizedName_0
2026-09-08 17:50:30.269 +03:00 [INF] Executed DbCommand (2ms) [Parameters=[@__role_Id_0='?' (Size = 450)], CommandType='"Text"', CommandTimeout='30']
SELECT [a].[ClaimType], [a].[ClaimValue]
FROM [AspNetRoleClaims] AS [a]
WHERE [a].[RoleId] = @__role_Id_0
2026-09-08 17:50:30.271 +03:00 [INF] Executed DbCommand (1ms) [Parameters=[@__normalizedName_0='?' (Size = 256)], CommandType='"Text"', CommandTimeout='30']
SELECT TOP(1) [a].[Id], [a].[ConcurrencyStamp], [a].[Name], [a].[NormalizedName]
FROM [AspNetRoles] AS [a]
WHERE [a].[NormalizedName] = @__normalizedName_0
2026-09-08 17:50:30.273 +03:00 [INF] Executed DbCommand (2ms) [Parameters=[@__role_Id_0='?' (Size = 450)], CommandType='"Text"', CommandTimeout='30']
SELECT [a].[ClaimType], [a].[ClaimValue]
FROM [AspNetRoleClaims] AS [a]
WHERE [a].[RoleId] = @__role_Id_0
2026-09-08 17:50:30.280 +03:00 [INF] Executed DbCommand (2ms) [Parameters=[@__normalizedEmail_0='?' (Size = 256)], CommandType='"Text"', CommandTimeout='30']
SELECT TOP(2) [a].[Id], [a].[AccessFailedCount], [a].[ConcurrencyStamp], [a].[Email], [a].[EmailConfirmed], [a].[FullName], [a].[LockoutEnabled], [a].[LockoutEnd], [a].[NormalizedEmail], [a].[NormalizedUserName], [a].[PasswordHash], [a].[PhoneNumber], [a].[PhoneNumberConfirmed], [a].[SecurityStamp], [a].[TwoFactorEnabled], [a].[UserName]
FROM [AspNetUsers] AS [a]
WHERE [a].[NormalizedEmail] = @__normalizedEmail_0
2026-09-08 17:50:30.552 +03:00 [INF] Now listening on: https://localhost:7143
2026-09-08 17:50:30.553 +03:00 [INF] Now listening on: http://localhost:5042
2026-09-08 17:50:30.555 +03:00 [INF] Application started. Press Ctrl+C to shut down.
2026-09-08 17:50:30.556 +03:00 [INF] Hosting environment: Development
2026-09-08 17:50:30.556 +03:00 [INF] Content root path: /Users/terminal/Projects/SoreApi-main/CoffeeStoreApi
2026-09-08 17:50:32.248 +03:00 [INF] Request starting HTTP/2 GET https://localhost:7143/swagger/index.html - null null
2026-09-08 17:50:32.318 +03:00 [INF] Request finished HTTP/2 GET https://localhost:7143/swagger/index.html - 200 null text/html;charset=utf-8 71.03ms
2026-09-08 17:50:32.398 +03:00 [INF] Request starting HTTP/2 GET https://localhost:7143/swagger/v1/swagger.json - null null
2026-09-08 17:50:32.460 +03:00 [INF] Request finished HTTP/2 GET https://localhost:7143/swagger/v1/swagger.json - 200 null application/json;charset=utf-8 61.5105ms
2026-09-08 17:50:35.174 +03:00 [INF] Request starting HTTP/1.1 POST https://localhost:7143/api/Auth/register - multipart/form-data; boundary=--------------------------782299254511610960363639 550
2026-09-08 17:50:35.239 +03:00 [INF] Executing endpoint 'CoffeeStoreApi.Controllers.AuthController.Register (CoffeeStoreApi)'
2026-09-08 17:50:35.251 +03:00 [INF] Route matched with {action = "Register", controller = "Auth"}. Executing controller action with signature System.Threading.Tasks.Task`1[Microsoft.AspNetCore.Mvc.IActionResult] Register(CoffeeStoreApi.Dtos.RegisterDto) on controller CoffeeStoreApi.Controllers.AuthController (CoffeeStoreApi).
2026-09-08 17:50:35.307 +03:00 [INF] Entity Framework Core 6.0.0 initialized 'ApplicationDbContext' using provider 'Microsoft.EntityFrameworkCore.SqlServer:6.0.0' with options: None
2026-09-08 17:50:35.311 +03:00 [INF] Executed DbCommand (3ms) [Parameters=[@__normalizedEmail_0='?' (Size = 256)], CommandType='"Text"', CommandTimeout='30']
SELECT TOP(2) [a].[Id], [a].[AccessFailedCount], [a].[ConcurrencyStamp], [a].[Email], [a].[EmailConfirmed], [a].[FullName], [a].[LockoutEnabled], [a].[LockoutEnd], [a].[NormalizedEmail], [a].[NormalizedUserName], [a].[PasswordHash], [a].[PhoneNumber], [a].[PhoneNumberConfirmed], [a].[SecurityStamp], [a].[TwoFactorEnabled], [a].[UserName]
FROM [AspNetUsers] AS [a]
WHERE [a].[NormalizedEmail] = @__normalizedEmail_0
2026-09-08 17:50:35.317 +03:00 [INF] Executing BadRequestObjectResult, writing value of type 'CoffeeStoreApi.Common.Response`1[[CoffeeStoreApi.Dtos.RegisterDto, CoffeeStoreApi, Version=1.0.0.0, Culture=neutral, PublicKeyToken=null]]'.
2026-09-08 17:50:35.323 +03:00 [INF] Executed action CoffeeStoreApi.Controllers.AuthController.Register (CoffeeStoreApi) in 70.207ms
2026-09-08 17:50:35.324 +03:00 [INF] Executed endpoint 'CoffeeStoreApi.Controllers.AuthController.Register (CoffeeStoreApi)'
2026-09-08 17:50:35.325 +03:00 [INF] Request finished HTTP/1.1 POST https://localhost:7143/api/Auth/register - 400 null application/json; charset=utf-8 150.8781ms
2026-09-08 17:50:40.511 +03:00 [INF] Request starting HTTP/1.1 POST https://localhost:7143/api/Auth/register - multipart/form-data; boundary=--------------------------700786774647726668647735 551
2026-09-08 17:50:40.519 +03:00 [INF] Executing endpoint 'CoffeeStoreApi.Controllers.AuthController.Register (CoffeeStoreApi)'
2026-09-08 17:50:40.520 +03:00 [INF] Route matched with {action = "Register", controller = "Auth"}. Executing controller action with signature System.Threading.Tasks.Task`1[Microsoft.AspNetCore.Mvc.IActionResult] Register(CoffeeStoreApi.Dtos.RegisterDto) on controller CoffeeStoreApi.Controllers.AuthController (CoffeeStoreApi).
2026-09-08 17:50:40.533 +03:00 [INF] Entity Framework Core 6.0.0 initialized 'ApplicationDbContext' using provider 'Microsoft.EntityFrameworkCore.SqlServer:6.0.0' with options: None
2026-09-08 17:50:40.537 +03:00 [INF] Executed DbCommand (3ms) [Parameters=[@__normalizedEmail_0='?' (Size = 256)], CommandType='"Text"', CommandTimeout='30']
SELECT TOP(2) [a].[Id], [a].[AccessFailedCount], [a].[ConcurrencyStamp], [a].[Email], [a].[EmailConfirmed], [a].[FullName], [a].[LockoutEnabled], [a].[LockoutEnd], [a].[NormalizedEmail], [a].[NormalizedUserName], [a].[PasswordHash], [a].[PhoneNumber], [a].[PhoneNumberConfirmed], [a].[SecurityStamp], [a].[TwoFactorEnabled], [a].[UserName]
FROM [AspNetUsers] AS [a]
WHERE [a].[NormalizedEmail] = @__normalizedEmail_0
2026-09-08 17:50:40.539 +03:00 [INF] Executed DbCommand (1ms) [Parameters=[@__normalizedName_0='?' (Size = 256)], CommandType='"Text"', CommandTimeout='30']
SELECT TOP(1) [a].[Id], [a].[ConcurrencyStamp], [a].[Name], [a].[NormalizedName]
FROM [AspNetRoles] AS [a]
WHERE [a].[NormalizedName] = @__normalizedName_0
2026-09-08 17:50:40.603 +03:00 [INF] Executed action CoffeeStoreApi.Controllers.AuthController.Register (CoffeeStoreApi) in 82.8188ms
2026-09-08 17:50:40.603 +03:00 [INF] Executed endpoint 'CoffeeStoreApi.Controllers.AuthController.Register (CoffeeStoreApi)'
2026-09-08 17:50:40.675 +03:00 [ERR] Test 500 error
System.Exception: Test 500 error
   at CoffeeStoreApi.Services.Auth.AuthService.Register(RegisterDto dto) in /Users/terminal/Projects/SoreApi-main/CoffeeStoreApi/Services/Auth/AuthService.cs:line 54
   at CoffeeStoreApi.Controllers.AuthController.Register(RegisterDto dto) in /Users/terminal/Projects/SoreApi-main/CoffeeStoreApi/Controllers/AuthController.cs:line 36
   at Microsoft.AspNetCore.Mvc.Infrastructure.ActionMethodExecutor.TaskOfIActionResultExecutor.Execute(ActionContext actionContext, IActionResultTypeMapper mapper, ObjectMethodExecutor executor, Object controller, Object[] arguments)
   at Microsoft.AspNetCore.Mvc.Infrastructure.ControllerActionInvoker.<InvokeActionMethodAsync>g__Awaited|12_0(ControllerActionInvoker invoker, ValueTask`1 actionResultValueTask)
   at Microsoft.AspNetCore.Mvc.Infrastructure.ControllerActionInvoker.<InvokeNextActionFilterAsync>g__Awaited|10_0(ControllerActionInvoker invoker, Task lastTask, State next, Scope scope, Object state, Boolean isCompleted)
   at Microsoft.AspNetCore.Mvc.Infrastructure.ControllerActionInvoker.Rethrow(ActionExecutedContextSealed context)
   at Microsoft.AspNetCore.Mvc.Infrastructure.ControllerActionInvoker.Next(State& next, Scope& scope, Object& state, Boolean& isCompleted)
   at Microsoft.AspNetCore.Mvc.Infrastructure.ControllerActionInvoker.<InvokeInnerFilterAsync>g__Awaited|13_0(ControllerActionInvoker invoker, Task lastTask, State next, Scope scope, Object state, Boolean isCompleted)
   at Microsoft.AspNetCore.Mvc.Infrastructure.ResourceInvoker.<InvokeFilterPipelineAsync>g__Awaited|20_0(ResourceInvoker invoker, Task lastTask, State next, Scope scope, Object state, Boolean isCompleted)
   at Microsoft.AspNetCore.Mvc.Infrastructure.ResourceInvoker.<InvokeAsync>g__Logged|17_1(ResourceInvoker invoker)
   at Microsoft.AspNetCore.Mvc.Infrastructure.ResourceInvoker.<InvokeAsync>g__Logged|17_1(ResourceInvoker invoker)
   at Microsoft.AspNetCore.Routing.EndpointMiddleware.<Invoke>g__AwaitRequestTask|7_0(Endpoint endpoint, Task requestTask, ILogger logger)
   at Microsoft.AspNetCore.Authorization.AuthorizationMiddleware.Invoke(HttpContext context)
   at CoffeeStoreApi.Midllewares.RateLimitMiddleware.InvokeAsync(HttpContext context) in /Users/terminal/Projects/SoreApi-main/CoffeeStoreApi/Midllewares/RateLimitMiddleware.cs:line 52
   at Microsoft.AspNetCore.Authentication.AuthenticationMiddleware.Invoke(HttpContext context)
   at CoffeeStoreApi.Midllewares.ExceptionMiddleware.InvokeAsync(HttpContext context) in /Users/terminal/Projects/SoreApi-main/CoffeeStoreApi/Midllewares/ExceptionMiddleware.cs:line 23
2026-09-08 17:50:40.702 +03:00 [INF] Request finished HTTP/1.1 POST https://localhost:7143/api/Auth/register - 500 null application/json 191.136ms
